시간그룹,승차X좌표,승차Y좌표,타임스탬프,날씨
2023-04-01 00:00:00,127.3893342973913,36.33735905695652,1680307200,맑음
2023-04-01 12:00:00,127.41044933,36.44433209,1680350400,약간의 구름이 낀 하늘
2023-04-01 18:00:00,127.39145742,36.37413575615385,1680372000,맑음
2023-04-02 00:00:00,127.40334827875,36.36356174875,1680393600,맑음
2023-04-02 12:00:00,127.38217571,36.43214095,1680436800,맑음
2023-04-02 18:00:00,127.36930107909092,36.33816714181818,1680458400,맑음
2023-04-03 00:00:00,127.35746358666668,36.35970554833333,1680480000,맑음
2023-04-04 00:00:00,127.38592900666666,36.33688485333333,1680566400,온흐림
2023-04-04 06:00:00,127.39533234470588,36.37660803529412,1680588000,온흐림
2023-04-04 12:00:00,127.40026366214283,36.335811324285714,1680609600,보통 비
2023-04-04 18:00:00,127.38729616652174,36.33336319652174,1680631200,보통 비
2023-04-05 00:00:00,127.38814583125,36.345612431875,1680652800,실 비
2023-04-05 06:00:00,127.39894933333332,36.36487922916667,1680674400,실 비
2023-04-05 12:00:00,127.385951595,36.340241906428574,1680696000,온흐림
2023-04-05 18:00:00,127.38363812782607,36.370088852608696,1680717600,온흐림
2023-04-06 00:00:00,127.38157672071428,36.35548840214285,1680739200,온흐림
2023-04-06 06:00:00,127.38619421058824,36.38932770411765,1680760800,온흐림
2023-04-06 12:00:00,127.39532176125,36.34742110625,1680782400,실 비
2023-04-06 18:00:00,127.39660822095236,36.33820660333333,1680804000,구름조금
2023-04-07 00:00:00,127.36147675266666,36.35436855666667,1680825600,맑음
2023-04-07 06:00:00,127.39358175769232,36.37060786461539,1680847200,튼구름
2023-04-07 12:00:00,127.3897061335294,36.33403174882353,1680868800,맑음
2023-04-08 00:00:00,127.39207042625,36.33177827625,1680912000,맑음
2023-04-08 06:00:00,127.39854957461536,36.33997097307692,1680933600,맑음
2023-04-08 12:00:00,127.37148504666668,36.361606135,1680955200,맑음
2023-04-08 18:00:00,127.39309462761904,36.34537663809524,1680976800,약간의 구름이 낀 하늘
2023-04-09 00:00:00,127.3954635347059,36.34337741058823,1680998400,맑음
2023-04-10 00:00:00,127.3984132,36.35553281,1681084800,약간의 구름이 낀 하늘
2023-04-10 06:00:00,127.39858467307693,36.34943280307692,1681106400,맑음
2023-04-10 12:00:00,127.38194643823527,36.354501016470586,1681128000,맑음
2023-04-10 18:00:00,127.38308794666666,36.343294696,1681149600,튼구름
2023-04-11 00:00:00,127.36724002818184,36.35591680636364,1681171200,튼구름
2023-04-11 06:00:00,127.385839945,36.331034518125,1681192800,실 비
2023-04-11 12:00:00,127.3791555915,36.350418444,1681214400,온흐림
2023-04-11 18:00:00,127.39845524473684,36.37683889526316,1681236000,맑음
2023-04-12 00:00:00,127.39659296,36.33251296066667,1681257600,맑음
2023-04-12 06:00:00,127.362328434,36.34672483933333,1681279200,맑음
2023-04-12 12:00:00,127.40192658578948,36.34326269157894,1681300800,맑음
2023-04-12 18:00:00,127.37630831,36.37691737454546,1681322400,구름조금
2023-04-13 00:00:00,127.3956034125,36.339395185625,1681344000,구름조금
2023-04-13 06:00:00,127.391506986875,36.35378769125,1681365600,튼구름
2023-04-13 12:00:00,127.41903114888888,36.35186108611111,1681387200,튼구름
2023-04-13 18:00:00,127.397767368,36.342533859,1681408800,온흐림
2023-04-14 00:00:00,127.38600797166666,36.353405083333335,1681430400,온흐림
2023-04-14 06:00:00,127.395678616875,36.33551737875,1681452000,구름조금
2023-04-14 12:00:00,127.390460524375,36.34068198875,1681473600,실 비
2023-04-14 18:00:00,127.38857210235292,36.33709417882353,1681495200,실 비
2023-04-15 00:00:00,127.366080795,36.34104847125,1681516800,온흐림
2023-04-16 00:00:00,127.4084204425,36.350215609,1681603200,온흐림
2023-04-16 12:00:00,127.38882761,36.4367231,1681646400,구름조금
2023-04-16 18:00:00,127.3962231463158,36.375026487368416,1681668000,맑음
2023-04-17 00:00:00,127.36066238235291,36.35267873647059,1681689600,맑음
2023-04-17 06:00:00,127.41857874230767,36.33059791692308,1681711200,맑음
2023-04-17 12:00:00,127.39447803133334,36.342476905333335,1681732800,온흐림
2023-04-17 18:00:00,127.37298772,36.3524859075,1681754400,온흐림
2023-04-18 00:00:00,127.38469814,36.340186474666666,1681776000,보통 비
2023-04-18 06:00:00,127.38632871055556,36.34326422777778,1681797600,온흐림
2023-04-18 12:00:00,127.38103021533334,36.35467339066667,1681819200,온흐림
2023-04-18 18:00:00,127.36117941578948,36.34998857789474,1681840800,온흐림
2023-04-19 00:00:00,127.388806079,36.355690271,1681862400,구름조금
2023-04-19 06:00:00,127.35701534384614,36.33763546230769,1681884000,맑음
2023-04-19 12:00:00,127.39604511,36.33751936666667,1681905600,구름조금
2023-04-19 18:00:00,127.3862018195,36.347173207,1681927200,튼구름
2023-04-20 00:00:00,127.36276119285716,36.358559642857145,1681948800,온흐림
2023-04-20 06:00:00,127.396142798,36.370765616,1681970400,튼구름
2023-04-20 12:00:00,127.39635400421052,36.36619658631579,1681992000,맑음
2023-04-20 18:00:00,127.380529031875,36.359172896875,1682013600,온흐림
2023-04-21 00:00:00,127.371479796,36.348908304,1682035200,튼구름
2023-04-22 00:00:00,127.416811225,36.341855805,1682121600,맑음
2023-04-22 06:00:00,127.4008126175,36.342521384375,1682143200,구름조금
2023-04-22 12:00:00,127.38196045846152,36.33348590692307,1682164800,온흐림
2023-04-22 18:00:00,127.42435608625,36.32304297125,1682186400,온흐림
2023-04-23 00:00:00,127.39828307125,36.32668490375,1682208000,온흐림
2023-04-23 12:00:00,127.41897328,36.44987573,1682251200,온흐림
2023-04-23 18:00:00,127.376271008,36.335987292,1682272800,온흐림
2023-04-24 00:00:00,127.39121033214283,36.349069400714285,1682294400,온흐림
2023-04-24 06:00:00,127.40394981214286,36.34654980642857,1682316000,온흐림
2023-04-24 12:00:00,127.37652376333332,36.34136930166667,1682337600,약간의 구름이 낀 하늘
2023-04-24 18:00:00,127.38750527944444,36.34030203333334,1682359200,온흐림
2023-04-25 00:00:00,127.39239049733334,36.35095430866667,1682380800,실 비
2023-04-25 06:00:00,127.403830882,36.328490769333335,1682402400,실 비
2023-04-25 12:00:00,127.38353465058825,36.34992635705882,1682424000,튼구름
2023-04-25 18:00:00,127.38611438285712,36.35480532190476,1682445600,맑음
2023-04-26 00:00:00,127.38145143285716,36.34769940071428,1682467200,실 비
2023-04-26 06:00:00,127.39524642764704,36.342287475294114,1682488800,맑음
2023-04-26 12:00:00,127.3923153988889,36.32748886388889,1682510400,맑음
2023-04-26 18:00:00,127.39083337294116,36.39460219588235,1682532000,맑음
2023-04-27 00:00:00,127.35996692866668,36.35351847733333,1682553600,맑음
2023-04-28 00:00:00,127.37510469428572,36.39375475714286,1682640000,맑음
2023-04-28 06:00:00,127.40778780625,36.35172542875,1682661600,구름조금
2023-04-28 12:00:00,127.3928062982353,36.34703250176471,1682683200,온흐림
2023-04-28 18:00:00,127.39749099941176,36.34439747941176,1682704800,온흐림
2023-04-29 00:00:00,127.386479026,36.341726389,1682726400,실 비
2023-04-29 06:00:00,127.38067163714284,36.35443538928571,1682748000,실 비
2023-04-29 12:00:00,127.388004058,36.331093711,1682769600,튼구름
2023-04-29 18:00:00,127.4172039545,36.339510886,1682791200,튼구름
2023-04-30 00:00:00,127.3749829846154,36.34866418769231,1682812800,맑음
2023-04-30 12:00:00,127.4131497,36.44948597,1682856000,맑음
2023-04-30 18:00:00,127.39070686,36.34206866882353,1682877600,맑음
2023-05-01 00:00:00,127.390947645,36.3355603255,1682899200,맑음
2023-05-01 06:00:00,127.37631473736842,36.34564294842105,1682920800,맑음
2023-05-01 12:00:00,127.40177269294118,36.32619854235294,1682942400,맑음
2023-05-01 18:00:00,127.3777235825,36.3339733855,1682964000,맑음
2023-05-02 00:00:00,127.414238562,36.34332371133333,1682985600,온흐림
2023-05-02 06:00:00,127.35850233333332,36.3630640625,1683007200,온흐림
2023-05-02 12:00:00,127.3766693175,36.32809427875,1683028800,온흐림
2023-05-02 18:00:00,127.39275774157896,36.35936232894737,1683050400,온흐림
2023-05-03 00:00:00,127.36161190785715,36.35039481142857,1683072000,온흐림
2023-05-04 00:00:00,127.36612984733333,36.349362590000005,1683158400,온흐림
2023-05-04 06:00:00,127.37052938285714,36.355879067857146,1683180000,실 비
2023-05-04 12:00:00,127.420241685625,36.344244280625,1683201600,보통 비
2023-05-04 18:00:00,127.3812990040909,36.35039256318182,1683223200,보통 비
2023-05-05 00:00:00,127.39233597421052,36.331881286842105,1683244800,보통 비
2023-05-05 06:00:00,127.40899125733334,36.392983230666665,1683266400,실 비
2023-05-05 12:00:00,127.39307619277776,36.35076711333333,1683288000,보통 비
2023-05-05 18:00:00,127.38356462,36.34677304428571,1683309600,보통 비
2023-05-06 00:00:00,127.38660449714288,36.34962372142857,1683331200,보통 비
2023-05-06 06:00:00,127.3858614282353,36.34031640529412,1683352800,보통 비
2023-05-06 12:00:00,127.3912799475,36.352792510625,1683374400,온흐림
2023-05-06 18:00:00,127.38274569423076,36.356408261153845,1683396000,온흐림
2023-05-07 00:00:00,127.39397117888888,36.34396467444444,1683417600,실 비
2023-05-07 12:00:00,127.41100933,36.44419115,1683460800,맑음
2023-05-07 18:00:00,127.39078141619046,36.34444823809524,1683482400,맑음
2023-05-08 00:00:00,127.37550965454544,36.33096207090909,1683504000,온흐림
2023-05-08 06:00:00,127.37049626615384,36.35220196461538,1683525600,온흐림
2023-05-08 12:00:00,127.366677714,36.35657422333334,1683547200,온흐림
2023-05-08 18:00:00,127.39191050105264,36.35372056473684,1683568800,맑음
2023-05-09 00:00:00,127.39102793692308,36.35321136307692,1683590400,맑음
2023-05-09 18:00:00,127.41060625,36.44605488,1683655200,온흐림
2023-05-10 00:00:00,127.38472603461538,36.33400249461538,1683676800,온흐림
2023-05-10 06:00:00,127.3873541575,36.352517209375,1683698400,튼구름
2023-05-10 12:00:00,127.38654212277778,36.34614218666667,1683720000,튼구름
2023-05-10 18:00:00,127.397197777,36.3328716045,1683741600,온흐림
2023-05-11 00:00:00,127.3936583861111,36.35058626722222,1683763200,온흐림
2023-05-11 06:00:00,127.37288610066666,36.355764656000005,1683784800,온흐림
2023-05-11 12:00:00,127.4069746864706,36.339871758823534,1683806400,맑음
2023-05-11 18:00:00,127.3932048426316,36.36843102631579,1683828000,온흐림
2023-05-12 00:00:00,127.380084208125,36.34960550625,1683849600,온흐림
2023-05-12 06:00:00,127.39872680466668,36.343336718,1683871200,온흐림
2023-05-12 12:00:00,127.37552303142856,36.38821130428572,1683892800,온흐림
2023-05-12 18:00:00,127.40231221095236,36.35925112666667,1683914400,온흐림
2023-05-13 00:00:00,127.3856289542857,36.34958395142857,1683936000,맑음
2023-05-13 06:00:00,127.40795886473684,36.32853052157895,1683957600,구름조금
2023-05-13 12:00:00,127.4168343036842,36.33703218263158,1683979200,맑음
2023-05-13 18:00:00,127.4066328195,36.356275972,1684000800,맑음
2023-05-14 00:00:00,127.36313550444444,36.34826226611111,1684022400,맑음
2023-05-14 12:00:00,127.40827299,36.43926284,1684065600,맑음
2023-05-14 18:00:00,127.39547871227272,36.36102576181818,1684087200,맑음
2023-05-15 00:00:00,127.399316775,36.34219286285715,1684108800,맑음
2023-05-16 00:00:00,127.37683847,36.35401811,1684195200,맑음
2023-05-16 06:00:00,127.405721884,36.346718346,1684216800,맑음
2023-05-16 12:00:00,127.37850851166668,36.34503166555556,1684238400,맑음
2023-05-16 18:00:00,127.40393978066666,36.339953034,1684260000,맑음
2023-05-17 00:00:00,127.387336227,36.361597299,1684281600,온흐림
2023-05-17 06:00:00,127.39102112357143,36.33772185071429,1684303200,온흐림
2023-05-17 12:00:00,127.37457788526316,36.340661543684206,1684324800,온흐림
2023-05-17 18:00:00,127.383010093,36.344997973,1684346400,온흐림
2023-05-18 00:00:00,127.38320999642858,36.34892447142857,1684368000,온흐림
2023-05-18 06:00:00,127.38258841777775,36.34167887833333,1684389600,온흐림
2023-05-18 12:00:00,127.37955817944446,36.35903306388889,1684411200,온흐림
2023-05-18 18:00:00,127.38667734136362,36.33776875272727,1684432800,온흐림
2023-05-19 00:00:00,127.35974294266666,36.34954484,1684454400,구름조금
2023-05-19 06:00:00,127.40697812,36.36997141125,1684476000,온흐림
2023-05-19 12:00:00,127.36093049785714,36.36298138857143,1684497600,구름조금
2023-05-19 18:00:00,127.41176342263158,36.351497654210526,1684519200,맑음
2023-05-20 00:00:00,127.377596255,36.337623620555554,1684540800,맑음
2023-05-20 06:00:00,127.39694699933334,36.336281638,1684562400,온흐림
2023-05-20 12:00:00,127.392630513125,36.346974536875,1684584000,온흐림
2023-05-20 18:00:00,127.40016573947368,36.34906917368421,1684605600,온흐림
2023-05-21 00:00:00,127.3800436275,36.368084395833336,1684627200,온흐림
2023-05-22 00:00:00,127.36990979,36.35229832,1684713600,온흐림
2023-05-22 06:00:00,127.40054253133331,36.34291111866666,1684735200,약간의 구름이 낀 하늘
2023-05-22 12:00:00,127.41373093866667,36.33807199866667,1684756800,약간의 구름이 낀 하늘
2023-05-22 18:00:00,127.39044024285714,36.35819921428571,1684778400,구름조금
2023-05-23 00:00:00,127.37844351733334,36.34287208933333,1684800000,맑음
2023-05-23 06:00:00,127.37776417071429,36.356099105,1684821600,구름조금
2023-05-23 12:00:00,127.36908179722224,36.33695172777778,1684843200,맑음
2023-05-23 18:00:00,127.39033319166668,36.346427114444445,1684864800,온흐림
2023-05-24 00:00:00,127.38133609153846,36.341240504615385,1684886400,온흐림
2023-05-24 06:00:00,127.41722695625,36.33941457875,1684908000,온흐림
2023-05-24 12:00:00,127.395991658125,36.340112685,1684929600,튼구름
2023-05-24 18:00:00,127.38586035411764,36.37450312411765,1684951200,온흐림
2023-05-25 00:00:00,127.39848903818182,36.34372025818182,1684972800,구름조금
2023-05-25 06:00:00,127.426361364,36.33833906466667,1684994400,튼구름
2023-05-25 12:00:00,127.39576107833334,36.34254900166667,1685016000,온흐림
2023-05-25 18:00:00,127.375679882,36.357567468,1685037600,온흐림
2023-05-26 00:00:00,127.3548161609091,36.37748294818181,1685059200,튼구름
2023-05-26 06:00:00,127.39239527611112,36.34870929722222,1685080800,온흐림
2023-05-26 12:00:00,127.37356075444444,36.351863655,1685102400,온흐림
2023-05-26 18:00:00,127.41047372473685,36.33375682052631,1685124000,온흐림
2023-05-27 00:00:00,127.3477174775,36.34906855625,1685145600,실 비
2023-05-28 00:00:00,127.40650412066664,36.33887155666666,1685232000,보통 비
2023-05-28 12:00:00,127.392129045,36.434986005,1685275200,보통 비
2023-05-28 18:00:00,127.39902278041666,36.34454527666667,1685296800,보통 비
2023-05-29 00:00:00,127.38929888789474,36.338864778421055,1685318400,보통 비
2023-05-29 06:00:00,127.37190891,36.34158834071429,1685340000,실 비
2023-05-29 12:00:00,127.38966558375,36.350031636875,1685361600,온흐림
2023-05-29 18:00:00,127.37191870526316,36.35318215105264,1685383200,튼구름
2023-05-30 00:00:00,127.38190249461536,36.33939414307692,1685404800,약간의 구름이 낀 하늘
2023-05-30 06:00:00,127.38791277722224,36.365123295,1685426400,튼구름
2023-05-30 12:00:00,127.39687447416668,36.34917307,1685448000,온흐림
2023-05-30 18:00:00,127.38688799875,36.344405775625,1685469600,온흐림
2023-05-31 00:00:00,127.393557345,36.34257195083333,1685491200,구름조금
2023-05-31 06:00:00,127.3713914122222,36.32463195888889,1685512800,약간의 구름이 낀 하늘
2023-05-31 12:00:00,127.4103142375,36.34879793833333,1685534400,구름조금
2023-05-31 18:00:00,127.396156341,36.341668453,1685556000,온흐림
2023-06-01 00:00:00,127.38899637705882,36.34112438882352,1685577600,온흐림
2023-06-01 06:00:00,127.403556525625,36.3363674125,1685599200,튼구름
2023-06-01 12:00:00,127.393290030625,36.354787023125,1685620800,구름조금
2023-06-01 18:00:00,127.4079381255,36.33422223,1685642400,실 비
2023-06-02 00:00:00,127.39514009,36.3479417875,1685664000,온흐림
2023-06-03 00:00:00,127.40249513176472,36.37432007411764,1685750400,맑음
2023-06-03 06:00:00,127.390953022,36.33916004333333,1685772000,맑음
2023-06-03 12:00:00,127.41107369714288,36.33133967571429,1685793600,튼구름
2023-06-03 18:00:00,127.3854691695652,36.32778137826087,1685815200,온흐림
2023-06-04 00:00:00,127.38116947941177,36.34298717294117,1685836800,튼구름
2023-06-04 18:00:00,127.38259057772729,36.34494309181818,1685901600,온흐림
2023-06-05 00:00:00,127.39970352555557,36.34408909666666,1685923200,온흐림
2023-06-05 06:00:00,127.39754215588236,36.33378190882353,1685944800,온흐림
2023-06-05 12:00:00,127.396532071,36.357542146,1685966400,온흐림
2023-06-05 18:00:00,127.3946242304762,36.34749890857143,1685988000,온흐림
2023-06-06 00:00:00,127.37720662636364,36.34335842590909,1686009600,약간의 구름이 낀 하늘
2023-06-06 06:00:00,127.386420983125,36.3283000825,1686031200,맑음
2023-06-06 12:00:00,127.3950805725,36.353365789,1686052800,맑음
2023-06-06 18:00:00,127.400613006,36.3456079515,1686074400,온흐림
2023-06-07 00:00:00,127.3944336676923,36.35106253,1686096000,온흐림
2023-06-07 06:00:00,127.36059344363638,36.37291661545454,1686117600,온흐림
2023-06-07 12:00:00,127.37120352666668,36.34108109666667,1686139200,온흐림
2023-06-07 18:00:00,127.408948204375,36.335109713125,1686160800,온흐림
2023-06-08 00:00:00,127.40360605285716,36.37237145571429,1686182400,온흐림
2023-06-09 00:00:00,127.37828274125,36.349838820625,1686268800,구름조금
2023-06-09 06:00:00,127.379686815,36.35173596055555,1686290400,맑음
2023-06-09 12:00:00,127.37006782769232,36.33443087153847,1686312000,약간의 구름이 낀 하늘
2023-06-09 18:00:00,127.39952599882352,36.34564577058824,1686333600,튼구름
2023-06-10 00:00:00,127.36266901,36.31652612,1686355200,실 비
2023-06-10 12:00:00,127.42318583,36.44713409,1686398400,실 비
2023-06-10 18:00:00,127.363043809375,36.35620015375,1686420000,튼구름
2023-06-11 00:00:00,127.39995809705884,36.34353581705882,1686441600,구름조금
2023-06-11 12:00:00,127.41073669,36.44845909,1686484800,실 비
2023-06-11 18:00:00,127.40843858761905,36.34717376619047,1686506400,맑음
2023-06-12 00:00:00,127.380634488,36.33219710066667,1686528000,튼구름
2023-06-12 06:00:00,127.394342073125,36.3479785475,1686549600,구름조금
2023-06-12 12:00:00,127.35337403388888,36.34303057611111,1686571200,튼구름
2023-06-12 18:00:00,127.38819452555556,36.34828849,1686592800,약간의 구름이 낀 하늘
2023-06-13 00:00:00,127.375197241,36.355705503,1686614400,온흐림
2023-06-13 06:00:00,127.380562835625,36.3274236175,1686636000,구름조금
2023-06-13 12:00:00,127.382245374,36.34355949533334,1686657600,온흐림
2023-06-13 18:00:00,127.384314566875,36.357643870625,1686679200,구름조금
2023-06-14 00:00:00,127.37092838571428,36.37659590428572,1686700800,맑음
2023-06-15 00:00:00,127.38518497916668,36.355087445,1686787200,맑음
2023-06-15 06:00:00,127.38201228470588,36.34750282235294,1686808800,튼구름
2023-06-15 12:00:00,127.39924064894736,36.34645188052632,1686830400,약간의 구름이 낀 하늘
2023-06-15 18:00:00,127.36748134894738,36.36138963842105,1686852000,맑음
2023-06-16 00:00:00,127.38044675944444,36.34026639388889,1686873600,맑음
2023-06-16 06:00:00,127.3977649826316,36.33446265,1686895200,맑음
2023-06-16 12:00:00,127.3956233757143,36.33335151214286,1686916800,구름조금
2023-06-16 18:00:00,127.381083816,36.345789587333336,1686938400,온흐림
2023-06-17 00:00:00,127.38479840454546,36.34586575,1686960000,온흐림
2023-06-17 06:00:00,127.3620352495,36.355306697,1686981600,온흐림
2023-06-17 12:00:00,127.40078324076924,36.33292919769231,1687003200,온흐림
2023-06-17 18:00:00,127.393726276,36.342325626,1687024800,온흐림
2023-06-18 00:00:00,127.3681893795,36.3547695275,1687046400,온흐림
2023-06-18 12:00:00,127.42061703,36.44793903,1687089600,맑음
2023-06-18 18:00:00,127.39480498894736,36.35735604842105,1687111200,맑음
2023-06-19 00:00:00,127.39539504058824,36.36176649235294,1687132800,튼구름
2023-06-19 06:00:00,127.372195595,36.355110545625,1687154400,온흐림
2023-06-19 12:00:00,127.39772283214286,36.35098529071429,1687176000,온흐림
2023-06-19 18:00:00,127.38030322333331,36.36207446,1687197600,약간의 구름이 낀 하늘
2023-06-20 00:00:00,127.390354843,36.348256666,1687219200,온흐림
2023-06-21 00:00:00,127.38846183,36.3512839,1687305600,실 비
2023-06-21 06:00:00,127.394201370625,36.338249,1687327200,실 비
2023-06-21 12:00:00,127.37589024583332,36.33068521083333,1687348800,실 비
2023-06-21 18:00:00,127.39313618823527,36.34680634529412,1687370400,온흐림
2023-06-22 00:00:00,127.372777925,36.33638486625,1687392000,구름조금
2023-06-22 06:00:00,127.38281026230769,36.33589562,1687413600,튼구름
2023-06-22 12:00:00,127.40696460181816,36.33443549727272,1687435200,구름조금
2023-06-22 18:00:00,127.40334537304348,36.35217959173913,1687456800,온흐림
2023-06-23 00:00:00,127.38900987375,36.34418653625,1687478400,튼구름
2023-06-23 06:00:00,127.38248448125,36.351592859375,1687500000,온흐림
2023-06-23 12:00:00,127.417989021,36.362043954,1687521600,온흐림
2023-06-23 18:00:00,127.40154045105264,36.337992883157895,1687543200,온흐림
2023-06-24 00:00:00,127.38736925733332,36.37261308466667,1687564800,맑음
2023-06-24 06:00:00,127.38751439777778,36.33010718333333,1687586400,튼구름
2023-06-24 12:00:00,127.4061016046154,36.33505164846154,1687608000,온흐림
2023-06-24 18:00:00,127.37316603823533,36.33647358941177,1687629600,온흐림
2023-06-25 00:00:00,127.36475829266666,36.36090480066667,1687651200,온흐림
2023-06-25 12:00:00,127.41056482,36.44838032,1687694400,온흐림
2023-06-25 18:00:00,127.41755528611112,36.34123074833333,1687716000,강한 비
2023-06-26 00:00:00,127.3729367390909,36.34214516636364,1687737600,실 비
2023-06-27 00:00:00,127.3728887525,36.34807213625,1687824000,약간의 구름이 낀 하늘
2023-06-27 06:00:00,127.38362908571428,36.37111185571428,1687845600,튼구름
2023-06-27 12:00:00,127.36692827142858,36.34464638428572,1687867200,튼구름
2023-06-27 18:00:00,127.38771914733334,36.345220924,1687888800,온흐림
2023-06-28 00:00:00,127.3932493309091,36.33496655909091,1687910400,튼구름
2023-06-28 06:00:00,127.39828210733334,36.34472850866667,1687932000,온흐림
2023-06-28 12:00:00,127.3859157617647,36.32673985176471,1687953600,온흐림
2023-06-28 18:00:00,127.39048661222222,36.34970263666666,1687975200,온흐림
2023-06-29 00:00:00,127.39886471153848,36.339626989230766,1687996800,실 비
2023-06-29 06:00:00,127.41338145647056,36.365503098235294,1688018400,보통 비
2023-06-29 12:00:00,127.38624969,36.372179025625,1688040000,실 비
2023-06-29 18:00:00,127.37255854,36.340768536,1688061600,실 비
2023-06-30 00:00:00,127.37566521058822,36.33781936588235,1688083200,실 비
2023-06-30 06:00:00,127.394561488125,36.367664516875,1688104800,실 비
2023-06-30 12:00:00,127.35675364785712,36.352985415,1688126400,튼구름
2023-06-30 18:00:00,59.44987421422222,16.967600032666667,1688148000,튼구름
2023-07-01 00:00:00,65.2512477390244,18.615711657560976,1688169600,실 비
2023-07-01 06:00:00,61.637272055806456,17.582202060322583,1688191200,온흐림
2023-07-01 12:00:00,63.69347794375,18.17279850208333,1688212800,튼구름
2023-07-01 18:00:00,63.68825553238096,18.17507297952381,1688234400,온흐림
2023-07-02 00:00:00,127.37643909125,36.3544341475,1688256000,온흐림
2023-07-03 00:00:00,127.38818498571428,36.34134037928571,1688342400,온흐림
2023-07-03 06:00:00,127.38707598545456,36.36836134636364,1688364000,온흐림
2023-07-03 12:00:00,127.39367031722225,36.33196792833333,1688385600,온흐림
2023-07-03 18:00:00,127.38202612125,36.365378100625,1688407200,온흐림
2023-07-04 00:00:00,127.38853962076922,36.341653564615385,1688428800,온흐림
2023-07-04 06:00:00,127.39700764666668,36.34680758583333,1688450400,강한 비
2023-07-04 12:00:00,127.39678843933332,36.353504138,1688472000,실 비
2023-07-04 18:00:00,127.36485495277778,36.34244766333333,1688493600,보통 비
2023-07-05 00:00:00,127.37141962666666,36.35437697388889,1688515200,튼구름
2023-07-05 06:00:00,127.36702679466666,36.335785002,1688536800,맑음
2023-07-05 12:00:00,127.39372222666668,36.342521088,1688558400,맑음
2023-07-05 18:00:00,127.39755011588235,36.35646927411764,1688580000,온흐림
2023-07-06 00:00:00,127.383315551875,36.3536285825,1688601600,튼구름
2023-07-06 06:00:00,127.36385149214286,36.32801690142857,1688623200,온흐림
2023-07-06 12:00:00,127.40748725866666,36.340953094,1688644800,온흐림
2023-07-06 18:00:00,127.38144057357142,36.35211867428571,1688666400,온흐림
2023-07-07 00:00:00,127.37084659666668,36.34655579222223,1688688000,온흐림
2023-07-07 06:00:00,127.37797562764706,36.34237157529412,1688709600,보통 비
2023-07-07 12:00:00,127.41338698928573,36.344715681428575,1688731200,보통 비
2023-07-07 18:00:00,127.4019746145,36.339412879,1688752800,실 비
2023-07-08 00:00:00,127.37359537105264,36.34970646473684,1688774400,실 비
2023-07-09 00:00:00,127.37899497117644,36.33614656470588,1688860800,튼구름
2023-07-09 12:00:00,127.40083732,36.44807937,1688904000,온흐림
2023-07-09 18:00:00,127.39566325052633,36.34567150263158,1688925600,보통 비
2023-07-10 00:00:00,127.38915109846154,36.34213196692308,1688947200,온흐림
2023-07-10 06:00:00,127.36539355941176,36.3332591417647,1688968800,온흐림
2023-07-10 12:00:00,127.39772856777778,36.332932935,1688990400,약간의 구름이 낀 하늘
2023-07-10 18:00:00,127.41007882142856,36.37052205785714,1689012000,온흐림
2023-07-11 00:00:00,127.38148908066664,36.34405385466666,1689033600,실 비
2023-07-11 06:00:00,127.39268321705885,36.36781604470588,1689055200,보통 비
2023-07-11 12:00:00,127.3726792646154,36.35061813846154,1689076800,실 비
2023-07-11 18:00:00,127.39544689235294,36.33850407,1689098400,온흐림
2023-07-12 00:00:00,127.38705261857142,36.341388346428566,1689120000,실 비
2023-07-12 06:00:00,127.38692982875,36.341200085,1689141600,온흐림
2023-07-12 12:00:00,127.40755545666669,36.33125039083333,1689163200,온흐림
2023-07-12 18:00:00,127.37395225666668,36.35826773944444,1689184800,온흐림
2023-07-13 00:00:00,127.41013028428571,36.33638809928571,1689206400,보통 비
2023-07-13 06:00:00,127.40217221733332,36.34339383133333,1689228000,실 비
2023-07-13 12:00:00,127.38425313133332,36.340304858,1689249600,실 비
2023-07-13 18:00:00,127.39905800409092,36.351643745,1689271200,강한 비
2023-07-14 00:00:00,127.349820447,36.369666712,1689292800,강한 비
2023-07-15 06:00:00,127.39324768375,36.34154446375,1689400800,보통 비
2023-07-15 12:00:00,127.3700162853846,36.34451251769231,1689422400,온흐림
2023-07-15 18:00:00,127.41334436588237,36.347177404117645,1689444000,실 비
2023-07-16 00:00:00,127.37619857266668,36.35361174733334,1689465600,실 비
2023-07-17 00:00:00,127.39878826,36.34849536,1689552000,실 비
2023-07-17 06:00:00,127.39792922636364,36.34826506272727,1689573600,실 비
2023-07-17 12:00:00,127.39518021526315,36.33983030631579,1689595200,실 비
2023-07-17 18:00:00,127.393285966,36.34926465466666,1689616800,보통 비
2023-07-18 00:00:00,127.36888250588235,36.34941650705883,1689638400,강한 비
2023-07-18 06:00:00,127.39521573285715,36.346789990714285,1689660000,강한 비
2023-07-18 12:00:00,127.394007985,36.358468698125,1689681600,보통 비
2023-07-18 18:00:00,127.38574853176472,36.343432619411765,1689703200,실 비
2023-07-19 00:00:00,127.37861723214284,36.34559457785714,1689724800,튼구름
2023-07-19 06:00:00,127.383050284375,36.343010245,1689746400,튼구름
2023-07-19 12:00:00,127.404518065,36.339985815,1689768000,맑음
2023-07-19 18:00:00,127.400303494,36.35405240666667,1689789600,튼구름
2023-07-20 00:00:00,127.369877405,36.3774459525,1689811200,온흐림
2023-07-21 00:00:00,127.3868889075,36.33845463625,1689897600,약간의 구름이 낀 하늘
2023-07-21 06:00:00,127.3713200275,36.34196149,1689919200,구름조금
2023-07-21 12:00:00,127.39250654142856,36.34189660214286,1689940800,구름조금
2023-07-21 18:00:00,127.3959329025,36.3452061685,1689962400,온흐림
2023-07-22 00:00:00,127.39913128,36.34627397470588,1689984000,튼구름
2023-07-22 06:00:00,127.38569427529411,36.34479259882352,1690005600,보통 비
2023-07-22 12:00:00,127.38526154294117,36.34390514235295,1690027200,실 비
2023-07-22 18:00:00,127.38817051777778,36.34548939166667,1690048800,튼구름
2023-07-23 00:00:00,127.36853181117648,36.33992579823529,1690070400,실 비
2023-07-24 00:00:00,127.39600807,36.34423234,1690156800,온흐림
2023-07-24 06:00:00,127.396955645625,36.3613300025,1690178400,온흐림
2023-07-24 12:00:00,127.40066718625,36.332986143125,1690200000,온흐림
2023-07-24 18:00:00,127.36526180590909,36.34767127136364,1690221600,온흐림
2023-07-25 00:00:00,127.38103005,36.3429799225,1690243200,실 비
2023-07-25 06:00:00,127.36999811642856,36.34280308,1690264800,실 비
2023-07-25 12:00:00,127.403996125,36.338511155,1690286400,온흐림
2023-07-25 18:00:00,127.3803288285,36.353678181,1690308000,튼구름
2023-07-26 00:00:00,127.37748126272729,36.34344375,1690329600,온흐림
2023-07-26 12:00:00,127.42324342,36.400095905,1690372800,튼구름
2023-07-26 18:00:00,127.41080731142858,36.340915898571424,1690394400,튼구름
2023-07-27 00:00:00,127.37323618769231,36.348354795384616,1690416000,튼구름
2023-07-27 06:00:00,127.36679754,36.353558485,1690437600,온흐림
2023-07-27 12:00:00,127.3874850038889,36.34009255611111,1690459200,튼구름
2023-07-27 18:00:00,127.38319622058825,36.34467203,1690480800,맑음
2023-07-28 00:00:00,127.37131225153848,36.33770735615384,1690502400,약간의 구름이 낀 하늘
2023-07-28 06:00:00,127.39049419214288,36.34361488357143,1690524000,약간의 구름이 낀 하늘
2023-07-28 12:00:00,127.39947368,36.329299287272725,1690545600,맑음
2023-07-28 18:00:00,127.3823510775,36.3550392,1690567200,맑음
2023-07-29 00:00:00,127.39607310466666,36.35818842733333,1690588800,맑음
2023-07-29 06:00:00,127.3826644888889,36.371962251666666,1690610400,맑음
2023-07-29 12:00:00,127.411459265,36.33758442166667,1690632000,구름조금
2023-07-29 18:00:00,127.41128139100002,36.349627507,1690653600,튼구름
2023-07-30 00:00:00,127.39681420785716,36.34748012,1690675200,약간의 구름이 낀 하늘
2023-07-31 00:00:00,127.39755987,36.349906815,1690761600,온흐림
2023-07-31 06:00:00,127.39254252125,36.3451633425,1690783200,온흐림
2023-07-31 12:00:00,127.40973324,36.34547664,1690804800,튼구름
2023-07-31 18:00:00,127.40523841111111,36.33273154444444,1690826400,온흐림
2023-08-01 00:00:00,127.37949604333332,36.340773033333335,1690848000,온흐림
2023-08-01 12:00:00,127.399490835,36.34158997,1690891200,온흐림
2023-08-01 18:00:00,127.37253326166666,36.331928893888886,1690912800,온흐림
2023-08-02 00:00:00,127.38495511857144,36.342557045,1690934400,온흐림
2023-08-02 12:00:00,127.39814817,36.34849274,1690977600,튼구름
2023-08-02 18:00:00,127.37621797277777,36.33406227888889,1690999200,약간의 구름이 낀 하늘
2023-08-03 00:00:00,127.3779536075,36.3468257275,1691020800,맑음
2023-08-03 06:00:00,127.39097811,36.371043338125,1691042400,구름조금
2023-08-03 12:00:00,127.36795224666668,36.3426680325,1691064000,약간의 구름이 낀 하늘
2023-08-03 18:00:00,127.385260564,36.3411217905,1691085600,온흐림
2023-08-04 00:00:00,127.371402646,36.35328563133333,1691107200,튼구름
2023-08-04 06:00:00,127.40176152777778,36.34447395555556,1691128800,온흐림
2023-08-04 12:00:00,127.40507947090909,36.34884022818182,1691150400,구름조금
2023-08-04 18:00:00,127.3898955257143,36.35022566428572,1691172000,맑음
2023-08-05 00:00:00,127.39012517333332,36.42961691666667,1691193600,맑음
2023-08-05 12:00:00,127.388534525,36.39716972,1691236800,튼구름
2023-08-05 18:00:00,127.408045508,36.337519645,1691258400,튼구름
2023-08-06 00:00:00,127.395532556875,36.3427503775,1691280000,구름조금
2023-08-07 12:00:00,127.41665027,36.33975112,1691409600,튼구름
2023-08-07 18:00:00,127.39712317833332,36.33690440611111,1691431200,약간의 구름이 낀 하늘
2023-08-08 00:00:00,127.39701408214286,36.33237456785714,1691452800,약간의 구름이 낀 하늘
2023-08-08 06:00:00,127.371195351875,36.34951038375,1691474400,맑음
2023-08-08 12:00:00,127.36981648692309,36.37679266769231,1691496000,튼구름
2023-08-08 18:00:00,127.37735772266666,36.34477230066667,1691517600,구름조금
2023-08-09 00:00:00,127.37114056615384,36.34919277076923,1691539200,온흐림
2023-08-09 06:00:00,127.376115705,36.330104542142855,1691560800,실 비
2023-08-09 12:00:00,127.374777966875,36.343311135,1691582400,보통 비
2023-08-09 18:00:00,127.38453918190476,36.35351621380952,1691604000,보통 비
2023-08-10 00:00:00,127.3775083885,36.3531795835,1691625600,강한 비
2023-08-10 06:00:00,127.3968572945,36.3421379455,1691647200,강한 비
2023-08-10 12:00:00,127.40478407285715,36.35177295142857,1691668800,실 비
2023-08-10 18:00:00,127.39694895750002,36.349994924,1691690400,실 비
2023-08-11 00:00:00,127.36753312647058,36.35857771529412,1691712000,실 비
2023-08-11 06:00:00,127.39283154357145,36.33136147,1691733600,실 비
2023-08-11 12:00:00,127.40464810066666,36.33560322866666,1691755200,온흐림
2023-08-11 18:00:00,127.41732398368424,36.33972795736842,1691776800,튼구름
2023-08-12 00:00:00,127.38075886,36.34894351076923,1691798400,구름조금
2023-08-12 06:00:00,127.36746948857142,36.35835010857143,1691820000,실 비
2023-08-12 12:00:00,127.3761894977778,36.32879810333333,1691841600,맑음
2023-08-12 18:00:00,127.39532391,36.3430583635,1691863200,약간의 구름이 낀 하늘
2023-08-13 00:00:00,127.39292925705882,36.34045930058824,1691884800,온흐림
2023-08-14 00:00:00,127.39202233,36.35975819,1691971200,구름조금
2023-08-14 06:00:00,127.38103256615383,36.325020262307696,1691992800,맑음
2023-08-14 12:00:00,127.43624886642858,36.33098710428571,1692014400,구름조금
2023-08-15 00:00:00,127.38168437,36.32832696,1692057600,맑음
2023-08-15 06:00:00,127.37829822083334,36.365885374166666,1692079200,구름조금
2023-08-15 12:00:00,127.38899848529412,36.33784368941176,1692100800,튼구름
2023-08-15 18:00:00,127.37784328,36.33688917,1692122400,구름조금
2023-08-16 00:00:00,127.4044014,36.338995295,1692144000,구름조금
2023-08-16 06:00:00,127.37711238933332,36.34392297866667,1692165600,약간의 구름이 낀 하늘
2023-08-16 12:00:00,127.37862243357142,36.35107746642857,1692187200,맑음
2023-08-16 18:00:00,127.377163144,36.3646606235,1692208800,약간의 구름이 낀 하늘
2023-08-17 00:00:00,127.355996169,36.33224614,1692230400,실 비
2023-08-17 06:00:00,127.36917882928572,36.34050753214286,1692252000,온흐림
2023-08-17 12:00:00,127.384106235,36.346869365,1692273600,구름조금
2023-08-17 18:00:00,127.40786757176473,36.33272991352941,1692295200,약간의 구름이 낀 하늘
2023-08-18 00:00:00,127.39278890866667,36.353241653333335,1692316800,구름조금
2023-08-18 06:00:00,127.38869281375,36.37202447875,1692338400,실 비
2023-08-18 12:00:00,127.34394427,36.34563480833334,1692360000,구름조금
2023-08-18 18:00:00,127.3720669675,36.349930344375,1692381600,약간의 구름이 낀 하늘
2023-08-19 00:00:00,127.37381062,36.35023396705883,1692403200,구름조금
2023-08-19 18:00:00,127.42313993,36.3462173945,1692468000,온흐림
2023-08-20 00:00:00,127.36207792166664,36.35710758916667,1692489600,구름조금
2023-08-21 00:00:00,127.40457357,36.34027745,1692576000,맑음
2023-08-21 06:00:00,127.38995353875,36.358612923125,1692597600,실 비
2023-08-21 12:00:00,127.37222163466666,36.33608823666667,1692619200,온흐림
2023-08-21 18:00:00,127.374831196875,36.35355171375,1692640800,맑음
2023-08-22 00:00:00,127.39998589692308,36.36131910384616,1692662400,온흐림
2023-08-22 06:00:00,127.38517364882352,36.34355131294118,1692684000,온흐림
2023-08-22 12:00:00,127.39386285166668,36.341467345,1692705600,튼구름
2023-08-22 18:00:00,127.3889100525,36.3518656875,1692727200,구름조금
2023-08-23 00:00:00,127.39490372454544,36.34843183727273,1692748800,온흐림
2023-08-23 06:00:00,127.39003925125,36.34538181,1692770400,온흐림
2023-08-23 12:00:00,127.38291393533332,36.360655650666665,1692792000,보통 비
2023-08-23 18:00:00,127.39191682142857,36.35895442238096,1692813600,온흐림
2023-08-24 00:00:00,127.3661353177778,36.36002481888889,1692835200,온흐림
2023-08-24 06:00:00,127.38609112875,36.346009128125,1692856800,온흐림
2023-08-24 12:00:00,127.40468556529412,36.34647435,1692878400,보통 비
2023-08-24 18:00:00,127.38322214473683,36.349371422105264,1692900000,온흐림
2023-08-25 00:00:00,127.38122506363636,36.36044156727273,1692921600,실 비
2023-08-25 12:00:00,127.40845461,36.43139441,1692964800,맑음
2023-08-25 18:00:00,127.404473911,36.346085868,1692986400,온흐림
2023-08-26 00:00:00,127.378544795625,36.352592206875,1693008000,약간의 구름이 낀 하늘
2023-08-26 06:00:00,127.39230757153844,36.34014579769231,1693029600,튼구름
2023-08-26 12:00:00,127.386059685,36.3648746475,1693051200,튼구름
2023-08-26 18:00:00,127.386697448,36.357710821,1693072800,온흐림
2023-08-27 00:00:00,127.38237353461538,36.36105481,1693094400,온흐림
2023-08-28 00:00:00,127.4035913,36.33221288333333,1693180800,온흐림
2023-08-28 06:00:00,127.385893544375,36.338610998125,1693202400,온흐림
2023-08-28 12:00:00,127.39688885142856,36.33710171571429,1693224000,온흐림
2023-08-28 18:00:00,127.36309630444444,36.33905884388889,1693245600,온흐림
2023-08-29 00:00:00,127.388681875,36.38741229,1693267200,온흐림
2023-08-29 06:00:00,127.41158185941175,36.338348221764704,1693288800,보통 비
2023-08-29 12:00:00,127.36841815153844,36.33658212153846,1693310400,보통 비
2023-08-29 18:00:00,127.38299740882354,36.33887323411765,1693332000,실 비
2023-08-30 00:00:00,127.39365738466668,36.34581046666666,1693353600,보통 비
2023-08-30 06:00:00,127.3410151225,36.35143551,1693375200,실 비
2023-08-30 12:00:00,127.39364776777776,36.34779579444445,1693396800,보통 비
2023-08-30 18:00:00,127.38546920666668,36.34217562142857,1693418400,온흐림
2023-08-31 00:00:00,127.38464231466668,36.348111146,1693440000,온흐림
2023-08-31 18:00:00,127.37075203769233,36.373973982307696,1693504800,맑음
2023-09-01 00:00:00,127.382339045,36.343031496875,1693526400,맑음
2023-09-01 06:00:00,127.39665944071427,36.37240990785715,1693548000,온흐림
2023-09-01 12:00:00,127.38953471363637,36.34606603090909,1693569600,맑음
2023-09-01 18:00:00,127.39282209368422,36.34507412789474,1693591200,실 비
2023-09-02 00:00:00,127.4026733842857,36.33892269928571,1693612800,맑음
2023-09-02 06:00:00,127.3895885222222,36.34634949,1693634400,맑음
2023-09-02 12:00:00,127.40453130692308,36.37118918615385,1693656000,구름조금
2023-09-02 18:00:00,127.39744694545452,36.35593326272727,1693677600,구름조금
2023-09-04 00:00:00,127.39203246,36.352132085,1693785600,온흐림
2023-09-04 06:00:00,127.39625122,36.37124037333333,1693807200,온흐림
2023-09-04 12:00:00,127.3970319746154,36.33616490846154,1693828800,튼구름
2023-09-04 18:00:00,127.40240880789472,36.34021354105264,1693850400,구름조금
2023-09-05 00:00:00,127.3897683675,36.37194034083333,1693872000,튼구름
2023-09-05 12:00:00,127.38977004,36.42967124,1693915200,구름조금
2023-09-05 18:00:00,127.363977824375,36.3435976725,1693936800,맑음
2023-09-06 00:00:00,127.40950131181818,36.379493530909095,1693958400,맑음
2023-09-06 12:00:00,127.41153656,36.4488146,1694001600,약간의 구름이 낀 하늘
2023-09-06 18:00:00,127.40983989588234,36.36436409058824,1694023200,맑음
2023-09-07 00:00:00,127.364129863,36.347353048,1694044800,맑음
2023-09-07 06:00:00,127.38460348466668,36.33306080733334,1694066400,맑음
2023-09-07 12:00:00,127.354827131875,36.35441112375,1694088000,맑음
2023-09-08 00:00:00,127.3883506,36.33886021,1694131200,맑음
2023-09-08 06:00:00,127.37914916916668,36.3466604,1694152800,맑음
2023-09-08 12:00:00,127.40632814,36.34199605083333,1694174400,맑음
2023-09-08 18:00:00,127.40222753333336,36.34022453380952,1694196000,온흐림
2023-09-09 00:00:00,127.39860991166668,36.33459792222222,1694217600,맑음
2023-09-09 06:00:00,127.384434836875,36.336316848125,1694239200,맑음
2023-09-09 12:00:00,127.3736949453846,36.34809916307693,1694260800,구름조금
2023-09-09 18:00:00,127.37707971304349,36.34596535173913,1694282400,구름조금
2023-09-10 00:00:00,127.378942245,36.341246438333336,1694304000,맑음
2023-09-11 12:00:00,127.40829019,36.43927579,1694433600,온흐림
2023-09-11 18:00:00,127.4047269773684,36.41425641,1694455200,온흐림
2023-09-12 00:00:00,127.39720347733332,36.38509733333333,1694476800,온흐림
2023-09-12 12:00:00,127.39650904,36.433747625,1694520000,온흐림
2023-09-12 18:00:00,127.37612870666668,36.39855791222222,1694541600,온흐림
2023-09-13 00:00:00,127.38222709214286,36.35743154428572,1694563200,실 비
2023-09-14 18:00:00,127.381800813125,36.32799076,1694714400,보통 비
2023-09-15 00:00:00,127.399396586,36.339503747,1694736000,실 비
2023-09-15 18:00:00,127.3913558652941,36.37267877470588,1694800800,온흐림
2023-09-16 00:00:00,127.36772755,36.35152154428572,1694822400,실 비
2023-09-16 12:00:00,127.4007988,36.44438082,1694865600,강한 비
2023-09-16 18:00:00,127.40446388407408,36.337888963703705,1694887200,실 비
2023-09-17 00:00:00,127.36985636,36.34258236,1694908800,온흐림
2023-09-18 18:00:00,127.4013457515,36.348659603,1695060000,온흐림
2023-09-19 00:00:00,127.38070691666668,36.33938426666667,1695081600,튼구름
2023-09-19 06:00:00,127.39045736666668,36.325373758888894,1695103200,온흐림
2023-09-19 12:00:00,127.397487862,36.34421976,1695124800,온흐림
2023-09-19 18:00:00,127.39648920333332,36.36189281777777,1695146400,온흐림
2023-09-20 00:00:00,127.38266565666666,36.33743142733333,1695168000,실 비
2023-09-20 06:00:00,127.36792574857142,36.35913182785715,1695189600,보통 비
2023-09-20 12:00:00,127.36775999230768,36.35896133615385,1695211200,강한 비
2023-09-20 18:00:00,127.39389273818182,36.342555160909086,1695232800,온흐림
2023-09-21 00:00:00,127.38662689363636,36.35685961,1695254400,온흐림
2023-09-21 06:00:00,127.39068670307692,36.38618805461538,1695276000,온흐림
2023-09-21 12:00:00,127.39745198133332,36.33084858266667,1695297600,온흐림
2023-09-21 18:00:00,127.4100954405,36.3519145245,1695319200,튼구름
2023-09-22 00:00:00,127.37767099333333,36.349056575,1695340800,온흐림
2023-09-22 06:00:00,127.38977753923078,36.33411847538461,1695362400,약간의 구름이 낀 하늘
2023-09-22 12:00:00,127.3828739025,36.3491023125,1695384000,구름조금
2023-09-22 18:00:00,127.39210305411764,36.34650119058824,1695405600,온흐림
2023-09-23 00:00:00,127.38178781066668,36.34967707333333,1695427200,온흐림
2023-09-23 06:00:00,127.39223252866668,36.333213621333336,1695448800,온흐림
2023-09-23 12:00:00,127.39782082294116,36.35025281294117,1695470400,맑음
2023-09-23 18:00:00,127.40959659882353,36.335476433529415,1695492000,튼구름
2023-09-24 00:00:00,127.377851870625,36.35526186125,1695513600,온흐림
2023-09-25 00:00:00,127.42719322666666,36.35373206,1695600000,온흐림
2023-09-25 06:00:00,127.37257977,36.34544226428572,1695621600,온흐림
2023-09-25 12:00:00,127.37084249333331,36.351293865,1695643200,실 비
2023-09-25 18:00:00,127.39846752588235,36.34560293117647,1695664800,온흐림
2023-09-26 00:00:00,127.3717326675,36.3622355075,1695686400,보통 비
2023-09-26 06:00:00,127.3681598446154,36.35425016461539,1695708000,실 비
2023-09-26 12:00:00,127.379084125,36.34372538625,1695729600,튼구름
2023-09-26 18:00:00,127.38148035913044,36.33592082,1695751200,온흐림
2023-09-27 00:00:00,127.36877651111112,36.37019737111111,1695772800,온흐림
2023-09-27 06:00:00,127.39145243222222,36.36898672222222,1695794400,온흐림
2023-09-27 12:00:00,127.38802512285714,36.34680997214286,1695816000,실 비
2023-09-27 18:00:00,127.37601854526316,36.35094638631579,1695837600,온흐림
2023-09-28 00:00:00,127.39147382555556,36.33890958111111,1695859200,구름조금
2023-09-28 06:00:00,127.4081390227778,36.34835742,1695880800,튼구름
2023-09-28 12:00:00,127.3957959925,36.340091453333336,1695902400,구름조금
2023-09-28 18:00:00,127.40130625733332,36.33244556733334,1695924000,온흐림
2023-09-29 00:00:00,127.386238058,36.338568152,1695945600,온흐림
2023-09-29 06:00:00,127.422761405,36.352042736875,1695967200,온흐림
2023-09-29 12:00:00,127.40344966294116,36.328703097647065,1695988800,튼구름
2023-09-29 18:00:00,127.4011286056,36.3503803652,1696010400,실 비
2023-09-30 00:00:00,127.3852916512,36.3304740872,1696032000,온흐림
2023-09-30 06:00:00,127.36816934076924,36.35025922615385,1696053600,튼구름
2023-09-30 12:00:00,127.40655675266666,36.32436709,1696075200,맑음
2023-10-02 00:00:00,127.38898127,36.33983966,1696204800,맑음
2023-10-02 06:00:00,127.36949574666666,36.3216194925,1696226400,맑음
2023-10-02 12:00:00,127.41151038375,36.33620661,1696248000,맑음
2023-10-02 18:00:00,127.407440706,36.330943546,1696269600,튼구름
2023-10-03 00:00:00,127.38316150941176,36.34477400529412,1696291200,온흐림
2023-10-03 06:00:00,127.39846185,36.352763063333335,1696312800,튼구름
2023-10-03 12:00:00,127.41023940882351,36.34030222941176,1696334400,맑음
2023-10-03 18:00:00,127.3933183705,36.346982718,1696356000,온흐림
2023-10-04 00:00:00,127.38667489733334,36.34056156,1696377600,구름조금
2023-10-04 06:00:00,127.39478253333333,36.33692944733333,1696399200,튼구름
2023-10-04 12:00:00,127.38717131,36.325411929,1696420800,실 비
2023-10-04 18:00:00,127.38122797846154,36.36106983923077,1696442400,튼구름
2023-10-05 00:00:00,127.39390346666666,36.34292519,1696464000,맑음
2023-10-05 06:00:00,127.38016535636363,36.352622408181816,1696485600,맑음
2023-10-05 12:00:00,127.38000588928573,36.33917928785714,1696507200,구름조금
2023-10-05 18:00:00,127.37787276473684,36.35162490789474,1696528800,온흐림
2023-10-06 00:00:00,127.39513716846152,36.34867212923077,1696550400,온흐림
2023-10-06 12:00:00,127.40833102,36.43930654,1696593600,온흐림
2023-10-06 18:00:00,127.40074270166666,36.33585063222222,1696615200,온흐림
2023-10-07 00:00:00,127.38183543666668,36.338712060000006,1696636800,온흐림
2023-10-07 06:00:00,127.39405974333334,36.33641924933333,1696658400,온흐림
2023-10-07 12:00:00,127.40137888363635,36.34093654181818,1696680000,온흐림
2023-10-07 18:00:00,127.38750851882354,36.34391099235295,1696701600,온흐림
2023-10-08 00:00:00,127.37619199470588,36.34456549117648,1696723200,온흐림
2023-10-09 06:00:00,127.3751090423077,36.33898315692308,1696831200,온흐림
2023-10-09 12:00:00,127.39169994352942,36.34507543705882,1696852800,구름조금
2023-10-09 18:00:00,127.392153956875,36.34376538,1696874400,맑음
2023-10-10 00:00:00,127.39964381333334,36.341070183333336,1696896000,맑음
2023-10-10 06:00:00,127.37192932888888,36.33825159,1696917600,온흐림
2023-10-10 12:00:00,127.36738612375,36.353211854375,1696939200,온흐림
2023-10-10 18:00:00,127.38873784294115,36.34121758176471,1696960800,맑음
2023-10-11 00:00:00,127.37970467785716,36.346132075,1696982400,튼구름
2023-10-11 06:00:00,127.3928858125,36.34309599,1697004000,약간의 구름이 낀 하늘
2023-10-11 12:00:00,127.38285384642856,36.34510005,1697025600,약간의 구름이 낀 하늘
2023-10-11 18:00:00,127.3927375663158,36.37966465526316,1697047200,튼구름
2023-10-12 00:00:00,127.37042573764704,36.34192697352941,1697068800,맑음
2023-10-12 12:00:00,127.40820003,36.43920788,1697112000,온흐림
2023-10-12 18:00:00,127.39448329842104,36.34296840894737,1697133600,온흐림
2023-10-13 00:00:00,127.40169566294117,36.345054417058826,1697155200,온흐림
2023-10-13 06:00:00,127.385432515,36.34568524071428,1697176800,온흐림
2023-10-13 12:00:00,127.38297223714288,36.34623215571428,1697198400,구름조금
2023-10-13 18:00:00,127.37149519133332,36.347683422,1697220000,온흐림
2023-10-14 00:00:00,127.35642677473685,36.34390804631579,1697241600,튼구름
2023-10-14 06:00:00,127.39675556533332,36.33225645533334,1697263200,튼구름
2023-10-14 12:00:00,127.38250510272728,36.34173587545455,1697284800,구름조금
2023-10-14 18:00:00,127.40623365333336,36.346558992666665,1697306400,약간의 구름이 낀 하늘
2023-10-15 00:00:00,127.39506604294117,36.33753798941176,1697328000,구름조금
2023-10-16 00:00:00,127.40122557,36.345396575,1697414400,맑음
2023-10-16 06:00:00,127.38677364692307,36.33563194846154,1697436000,맑음
2023-10-16 12:00:00,127.37549724545455,36.35204798727273,1697457600,맑음
2023-10-17 00:00:00,127.3803333825,36.3371154075,1697500800,맑음
2023-10-17 06:00:00,127.398862140625,36.324879075,1697522400,맑음
2023-10-17 12:00:00,127.39720268727272,36.33176745090909,1697544000,맑음
2023-10-17 18:00:00,127.39995159777776,36.33554926888889,1697565600,맑음
2023-10-18 00:00:00,127.375695187,36.335084619,1697587200,튼구름
2023-10-18 18:00:00,127.4180183168421,36.33265604368421,1697652000,튼구름
2023-10-19 00:00:00,127.360082335,36.34698945583333,1697673600,온흐림
2023-10-19 06:00:00,127.39964464357142,36.349907807142856,1697695200,온흐림
2023-10-19 12:00:00,127.3955607146154,36.34508857615385,1697716800,온흐림
2023-10-19 18:00:00,127.39536688266666,36.36067012333333,1697738400,실 비
2023-10-20 00:00:00,127.37458213692308,36.35713512461538,1697760000,맑음
2023-10-20 06:00:00,127.3938295346154,36.37158166307693,1697781600,구름조금
2023-10-20 12:00:00,127.37903694384616,36.33269769538462,1697803200,맑음
2023-10-20 18:00:00,127.38829286,36.33761975052632,1697824800,맑음
2023-10-21 00:00:00,127.37201028333334,36.34976582666667,1697846400,구름조금
2023-10-21 18:00:00,127.39895851466667,36.34608591933333,1697911200,구름조금
2023-10-23 00:00:00,127.40492365,36.33967701,1698019200,약간의 구름이 낀 하늘
2023-10-23 06:00:00,127.40346402266668,36.327505364,1698040800,구름조금
2023-10-23 12:00:00,127.37087486142858,36.33630407214286,1698062400,맑음
2023-10-23 18:00:00,127.39523061555556,36.37048185555555,1698084000,튼구름
2023-10-24 00:00:00,127.38759643307692,36.33808702384616,1698105600,튼구름
2023-10-24 12:00:00,127.40475139,36.44643637,1698148800,약간의 구름이 낀 하늘
2023-10-24 18:00:00,127.37010248533332,36.34398086333333,1698170400,약간의 구름이 낀 하늘
2023-10-25 00:00:00,127.37677841,36.3339607325,1698192000,맑음
2023-10-25 06:00:00,127.38157354833334,36.37881140666666,1698213600,맑음
2023-10-25 12:00:00,127.37138568642855,36.33371862214285,1698235200,맑음
2023-10-25 18:00:00,127.39356207571429,36.35311699214286,1698256800,약간의 구름이 낀 하늘
2023-10-26 00:00:00,127.38064517933334,36.34687330533333,1698278400,온흐림
2023-10-26 06:00:00,127.353572814,36.34802143,1698300000,맑음
2023-10-26 12:00:00,127.39962753615386,36.34061361692308,1698321600,실 비
2023-10-26 18:00:00,127.37929969352942,36.35691382,1698343200,실 비
2023-10-27 00:00:00,127.403312005,36.342268715833335,1698364800,맑음
2023-10-27 06:00:00,127.38694869923076,36.336597276153846,1698386400,온흐림
2023-10-27 12:00:00,127.399131063,36.344414028,1698408000,약간의 구름이 낀 하늘
2023-10-27 18:00:00,127.3815384605,36.340130134,1698429600,맑음
2023-10-28 00:00:00,127.38234686,36.3681923575,1698451200,구름조금
2023-10-28 06:00:00,127.39136046642857,36.33736942285714,1698472800,구름조금
2023-10-28 12:00:00,127.39620917923077,36.34464669769231,1698494400,맑음
2023-10-28 18:00:00,127.397286001,36.3671010375,1698516000,맑음
2023-10-29 00:00:00,127.387317633,36.324921486,1698537600,맑음
2023-10-30 00:00:00,127.38664969666668,36.34644952333333,1698624000,구름조금
2023-10-30 06:00:00,127.39993701583334,36.356831444166666,1698645600,맑음
2023-10-30 12:00:00,127.38649981875,36.33470519375,1698667200,맑음
2023-10-30 18:00:00,127.40643302947367,36.344686498421055,1698688800,맑음
2023-10-31 00:00:00,127.39554688833331,36.35174052833333,1698710400,구름조금
2023-10-31 06:00:00,127.38872835142855,36.34621802214286,1698732000,맑음
2023-10-31 12:00:00,127.39438032888889,36.35558105111111,1698753600,맑음
2023-10-31 18:00:00,127.37077725571427,36.35901077214286,1698775200,온흐림
2023-11-01 00:00:00,127.37656883636365,36.35395995272727,1698796800,맑음
2023-11-01 06:00:00,127.39119856944444,36.33767383777778,1698818400,약간의 구름이 낀 하늘
2023-11-01 12:00:00,127.37076658714284,36.34824270571429,1698840000,약간의 구름이 낀 하늘
2023-11-02 00:00:00,127.38849769,36.33566275,1698883200,맑음
2023-11-02 06:00:00,127.38699141545456,36.36058159636364,1698904800,맑음
2023-11-02 12:00:00,127.3978973325,36.33780764,1698926400,맑음
2023-11-02 18:00:00,127.37001863357143,36.33736476285714,1698948000,구름조금
2023-11-03 00:00:00,127.42136771,36.35263190166667,1698969600,약간의 구름이 낀 하늘
2023-11-03 06:00:00,127.39415051666668,36.33538917133333,1698991200,실 비
2023-11-03 12:00:00,127.38143005571428,36.33887750071428,1699012800,온흐림
2023-11-03 18:00:00,127.395284655,36.345955925625,1699034400,온흐림
2023-11-04 00:00:00,127.39895343866668,36.342089614,1699056000,온흐림
2023-11-04 12:00:00,127.41759085,36.34023539,1699099200,온흐림
2023-11-04 18:00:00,127.37610981944444,36.36474078277777,1699120800,실 비
2023-11-05 00:00:00,127.384610483,36.375838001,1699142400,실 비
2023-11-06 00:00:00,127.40081829,36.345414725,1699228800,실 비
2023-11-06 06:00:00,127.37833058705884,36.33297238588235,1699250400,구름조금
2023-11-06 12:00:00,127.41773753142856,36.32325401571429,1699272000,튼구름
2023-11-06 18:00:00,127.3957148681818,36.35987235909091,1699293600,튼구름
2023-11-07 00:00:00,127.35069613833332,36.35693235333333,1699315200,맑음
2023-11-07 06:00:00,127.388043845,36.355493325625,1699336800,맑음
2023-11-07 12:00:00,127.39869852125,36.351497031875,1699358400,맑음
2023-11-07 18:00:00,127.38653690666668,36.34064822285715,1699380000,맑음
2023-11-08 00:00:00,127.383988055,36.36194760083333,1699401600,약간의 구름이 낀 하늘
2023-11-08 06:00:00,127.38408795928572,36.369717667857145,1699423200,온흐림
2023-11-08 12:00:00,127.39268766,36.34208567933333,1699444800,온흐림
2023-11-08 18:00:00,127.3827097995,36.3446071615,1699466400,맑음
2023-11-09 00:00:00,127.354273613,36.356598438000006,1699488000,약간의 구름이 낀 하늘
2023-11-09 06:00:00,127.39771522285714,36.33985773857143,1699509600,온흐림
2023-11-09 12:00:00,127.37621861928572,36.33249138,1699531200,온흐림
2023-11-09 18:00:00,127.38750732727271,36.33997660409091,1699552800,온흐림
2023-11-10 00:00:00,127.37969576,36.371137139411765,1699574400,구름조금
2023-11-10 06:00:00,127.367825905,36.34961752,1699596000,맑음
2023-11-10 12:00:00,127.3883624475,36.33817588875,1699617600,맑음
2023-11-10 18:00:00,127.3785737338889,36.35239463666667,1699639200,튼구름
2023-11-11 00:00:00,127.35726322416669,36.31023687333333,1699660800,구름조금
2023-11-11 06:00:00,127.41356235875,36.329369951875,1699682400,맑음
2023-11-11 12:00:00,127.36444688538462,36.34172067692308,1699704000,온흐림
2023-11-11 18:00:00,127.3915577535294,36.33126633529412,1699725600,튼구름
2023-11-12 00:00:00,127.38253754133332,36.34184007066666,1699747200,튼구름
2023-11-13 00:00:00,127.39977217,36.34458875,1699833600,맑음
2023-11-13 06:00:00,127.39906868058824,36.35087203529412,1699855200,맑음
2023-11-13 12:00:00,127.38722126,36.344329208,1699876800,맑음
2023-11-13 18:00:00,127.37998346733336,36.35724362733333,1699898400,구름조금
2023-11-14 00:00:00,127.36976982117646,36.34680285176471,1699920000,튼구름
2023-11-14 06:00:00,127.405829095,36.32807528,1699941600,튼구름
2023-11-14 12:00:00,127.403243450625,36.343221065625,1699963200,온흐림
2023-11-14 18:00:00,127.371815580625,36.34098171875,1699984800,튼구름
2023-11-15 00:00:00,127.39608341666668,36.34939438166666,1700006400,맑음
2023-11-15 06:00:00,127.39401031411764,36.34905894411765,1700028000,구름조금
2023-11-15 12:00:00,127.37910095461538,36.34618814384616,1700049600,온흐림
2023-11-16 00:00:00,127.37774308,36.32588769,1700092800,온흐림
2023-11-16 06:00:00,127.38956024357142,36.34513525928571,1700114400,보통 비
2023-11-16 12:00:00,127.3841931225,36.34240996,1700136000,튼구름
2023-11-16 18:00:00,127.40633217625,36.34206341875,1700157600,실 비
2023-11-17 00:00:00,127.36724509583333,36.357778870833336,1700179200,맑음
2023-11-17 06:00:00,127.37677111846156,36.334220262307696,1700200800,실 비
2023-11-17 12:00:00,127.374735664,36.342762588666666,1700222400,튼구름
2023-11-17 18:00:00,127.3884303835,36.3463681225,1700244000,구름조금
2023-11-18 00:00:00,127.37488187235294,36.35007020647059,1700265600,튼구름
2023-11-18 12:00:00,127.41148006,36.34438289,1700308800,튼구름
2023-11-18 18:00:00,127.38365843636365,36.34528238181818,1700330400,튼구름
2023-11-19 00:00:00,127.39670320933332,36.34748814933334,1700352000,약간의 구름이 낀 하늘
2023-11-20 00:00:00,127.374300305,36.34628803,1700438400,맑음
2023-11-20 06:00:00,119.89405074470588,34.19226274411765,1700460000,맑음
2023-11-20 12:00:00,127.35557126,36.34971983928572,1700481600,맑음
2023-11-20 18:00:00,127.4120122595,36.3346469685,1700503200,맑음
2023-11-21 00:00:00,127.38818165384616,36.33533607538462,1700524800,맑음
2023-11-21 06:00:00,127.363233503,36.345800735,1700546400,맑음
2023-11-21 12:00:00,127.382239112,36.342675387,1700568000,맑음
2023-11-21 18:00:00,127.37184966666668,36.34993887666667,1700589600,맑음
2023-11-22 00:00:00,127.38798596272729,36.35182021,1700611200,맑음
2023-11-22 06:00:00,127.418588770625,36.331530553125,1700632800,구름조금
2023-11-22 12:00:00,127.38058330916664,36.34162969083334,1700654400,온흐림
2023-11-22 18:00:00,127.41403687928572,36.34080025714285,1700676000,온흐림
2023-11-23 00:00:00,127.41212340555556,36.37574522,1700697600,약간의 구름이 낀 하늘
2023-11-23 18:00:00,127.38638586611113,36.35213613222223,1700762400,구름조금
2023-11-24 00:00:00,127.39777866384614,36.34811565230769,1700784000,튼구름
2023-11-24 06:00:00,127.3633255625,36.35419670375,1700805600,온흐림
2023-11-24 12:00:00,127.38521011125,36.347384688125,1700827200,구름조금
2023-11-24 18:00:00,127.38466195733334,36.37405043866667,1700848800,맑음
2023-11-25 00:00:00,127.381560778,36.35313933733333,1700870400,맑음
2023-11-25 06:00:00,127.391312324,36.366540418666666,1700892000,맑음
2023-11-25 12:00:00,127.3878526,36.33359549875,1700913600,약간의 구름이 낀 하늘
2023-11-25 18:00:00,127.39081079764706,36.34582408823529,1700935200,온흐림
2023-11-26 00:00:00,127.39802803285714,36.378528411428576,1700956800,맑음
2023-11-27 00:00:00,127.42175123,36.352005265,1701043200,온흐림
2023-11-27 06:00:00,127.41208761933332,36.33538355866666,1701064800,구름조금
2023-11-27 12:00:00,127.38939824928572,36.34219439142857,1701086400,실 비
2023-11-27 18:00:00,127.38635061533334,36.34713682,1701108000,구름조금
2023-11-28 00:00:00,127.39837891,36.34038070666666,1701129600,맑음
2023-11-28 06:00:00,127.37953683230768,36.344221918461535,1701151200,튼구름
2023-11-28 12:00:00,127.38398661428572,36.32528149142857,1701172800,약간의 구름이 낀 하늘
2023-11-28 18:00:00,127.3947173355,36.3476160635,1701194400,온흐림
2023-11-29 00:00:00,127.42075989909092,36.340438968181815,1701216000,튼구름
2023-11-29 06:00:00,127.37553934235294,36.34225885176471,1701237600,온흐림
2023-11-29 12:00:00,127.359517225,36.34872113642857,1701259200,온흐림
2023-11-29 18:00:00,127.3874535909524,36.35059346428572,1701280800,튼구름
2023-11-30 00:00:00,127.3785573218182,36.34479563727273,1701302400,맑음
2023-11-30 06:00:00,127.373572238,36.34898231666667,1701324000,온흐림
2023-11-30 12:00:00,127.34831126833336,36.343917231666666,1701345600,온흐림
2023-11-30 18:00:00,127.40085929833334,36.34780994,1701367200,온흐림
2023-12-01 00:00:00,127.37847507,36.32869812,1701388800,맑음
2023-12-01 06:00:00,127.3855047725,36.36296203583333,1701410400,튼구름
2023-12-01 12:00:00,127.35929907384616,36.34500626384615,1701432000,튼구름
2023-12-01 18:00:00,127.3957596325,36.33561523833333,1701453600,튼구름
2023-12-02 00:00:00,127.39117467545454,36.367533348181816,1701475200,튼구름
2023-12-02 18:00:00,127.38691619681818,36.35150439818182,1701540000,구름조금
2023-12-03 00:00:00,127.38017383333332,36.35148821333333,1701561600,맑음
2023-12-04 00:00:00,127.38955242,36.33872329,1701648000,맑음
2023-12-04 06:00:00,127.43902553444444,36.32794461388889,1701669600,맑음
2023-12-04 12:00:00,127.38047049428572,36.34522808142857,1701691200,온흐림
2023-12-05 18:00:00,127.39856773133332,36.36617478866666,1701799200,맑음
2023-12-06 00:00:00,127.37208489555556,36.354537307777775,1701820800,온흐림
2023-12-06 06:00:00,127.36624634,36.339054099375,1701842400,실 비
2023-12-06 12:00:00,127.3631704675,36.34578418083333,1701864000,약간의 구름이 낀 하늘
2023-12-06 18:00:00,127.382415288,36.34536600933333,1701885600,튼구름
2023-12-07 00:00:00,127.36740238,36.339906074,1701907200,맑음
2023-12-07 06:00:00,127.40287871307692,36.34228468,1701928800,맑음
2023-12-07 12:00:00,127.37185202083332,36.353375659166666,1701950400,맑음
2023-12-07 18:00:00,127.3825955690909,36.37071518909091,1701972000,맑음
2023-12-08 00:00:00,127.36816076714284,36.37584831142858,1701993600,맑음
2023-12-08 06:00:00,127.38216958071428,36.35047673642857,1702015200,맑음
2023-12-08 12:00:00,127.39075554833332,36.340375576666666,1702036800,맑음
2023-12-08 18:00:00,127.415967508,36.339031816,1702058400,구름조금
2023-12-09 00:00:00,127.37372637928571,36.330611762857146,1702080000,약간의 구름이 낀 하늘
2023-12-09 12:00:00,127.40106923,36.34707454,1702123200,구름조금
2023-12-09 18:00:00,127.38205021761904,36.33848429428571,1702144800,튼구름
2023-12-10 00:00:00,127.398161022,36.35931038733334,1702166400,구름조금
2023-12-11 18:00:00,127.37080166888887,36.35432865111111,1702317600,온흐림
2023-12-12 00:00:00,127.380486981875,36.3511386475,1702339200,온흐림
2023-12-12 06:00:00,127.381944274,36.342478534,1702360800,온흐림
2023-12-12 12:00:00,127.39115275230768,36.357505896153846,1702382400,구름조금
2023-12-12 18:00:00,127.39963113722222,36.35051752555555,1702404000,튼구름
2023-12-13 00:00:00,127.36237600333334,36.344759458,1702425600,튼구름
2023-12-13 06:00:00,127.3915881146154,36.34078392923077,1702447200,온흐림
2023-12-13 12:00:00,127.3698914775,36.32557277666667,1702468800,구름조금
2023-12-13 18:00:00,127.39475444500002,36.3416122105,1702490400,튼구름
2023-12-14 00:00:00,127.36296071142858,36.34507342428572,1702512000,온흐림
2023-12-14 06:00:00,127.37232100785717,36.32695888285714,1702533600,실 비
2023-12-14 12:00:00,127.4103584076923,36.342626203076925,1702555200,실 비
2023-12-14 18:00:00,127.38212008,36.34417236117647,1702576800,보통 비
2023-12-15 00:00:00,127.4049423325,36.34506355125,1702598400,보통 비
2023-12-15 06:00:00,127.373199655,36.320011222,1702620000,온흐림
2023-12-15 12:00:00,127.38501460857142,36.34250974,1702641600,실 비
2023-12-15 18:00:00,127.38591952928572,36.35415843428572,1702663200,실 비
2023-12-16 00:00:00,127.390541935,36.353485066875,1702684800,온흐림
2023-12-16 06:00:00,127.42168409222222,36.34917005888889,1702706400,튼구름
2023-12-16 12:00:00,127.39878347416668,36.336205881666665,1702728000,튼구름
2023-12-16 18:00:00,127.39282601260868,36.33807365391304,1702749600,구름조금
2023-12-17 00:00:00,127.35100030285714,36.38091483285714,1702771200,튼구름
2023-12-18 18:00:00,127.393441588125,36.35286375375,1702922400,온흐림
2023-12-19 00:00:00,127.3795928125,36.35904089,1702944000,온흐림
2023-12-19 06:00:00,127.38267688,36.35735155416666,1702965600,튼구름
2023-12-19 12:00:00,127.39553475933332,36.350525919333336,1702987200,온흐림
2023-12-19 18:00:00,127.40878130058822,36.33935473176471,1703008800,튼구름
2023-12-20 00:00:00,127.3809644075,36.35812029,1703030400,온흐림
2023-12-20 06:00:00,127.40619742714286,36.37747858285714,1703052000,온흐림
2023-12-20 12:00:00,127.40763291642858,36.33824176,1703073600,튼구름
2023-12-20 18:00:00,127.38507965136364,36.36186124727273,1703095200,구름조금
2023-12-21 00:00:00,127.35561317230768,36.35144799307693,1703116800,구름조금
2023-12-21 06:00:00,127.40125612266668,36.33059394133333,1703138400,약간의 구름이 낀 하늘
2023-12-21 12:00:00,127.36948272923075,36.366916623076925,1703160000,맑음
2023-12-21 18:00:00,127.3810794815,36.3589950115,1703181600,구름조금
2023-12-22 00:00:00,127.379220175,36.349557382777775,1703203200,구름조금
2023-12-22 06:00:00,127.3882911435294,36.33230230529412,1703224800,튼구름
2023-12-22 12:00:00,127.40440306307693,36.33904411461538,1703246400,튼구름
2023-12-22 18:00:00,127.38218892789472,36.34281037684211,1703268000,튼구름
2023-12-23 00:00:00,127.373974315,36.3444503095,1703289600,구름조금
2023-12-23 06:00:00,127.38734969384616,36.34197097153846,1703311200,맑음
2023-12-23 12:00:00,127.37431972866666,36.34253956,1703332800,구름조금
2023-12-23 18:00:00,127.393768223,36.3585607665,1703354400,가벼운 눈
2023-12-24 00:00:00,127.38788772833334,36.348891577500005,1703376000,온흐림
2023-12-24 12:00:00,127.42217372,36.45196894,1703419200,튼구름
2023-12-24 18:00:00,127.38483430090908,36.36287421954545,1703440800,구름조금
2023-12-25 00:00:00,127.396464936875,36.341196525,1703462400,구름조금
2023-12-25 06:00:00,127.38392015764704,36.32929984058824,1703484000,온흐림
2023-12-25 12:00:00,127.39016447933334,36.345539724666665,1703505600,튼구름
2023-12-26 00:00:00,127.393150425,36.3443245,1703548800,구름조금
2023-12-26 06:00:00,127.38674767769233,36.325172281538464,1703570400,튼구름
2023-12-26 12:00:00,127.3838059125,36.32777269333334,1703592000,온흐림
2023-12-26 18:00:00,127.38503535,36.34855917692308,1703613600,온흐림
2023-12-27 00:00:00,127.35627965090907,36.36826744909092,1703635200,맑음
2023-12-27 06:00:00,127.3783811053846,36.32642937615385,1703656800,맑음
2023-12-27 12:00:00,127.3671021976923,36.35187224769231,1703678400,약간의 구름이 낀 하늘
2023-12-27 18:00:00,127.3584640675,36.345829101,1703700000,맑음
2023-12-28 00:00:00,127.35463768533332,36.35092377266667,1703721600,구름조금
2023-12-28 06:00:00,127.37558652307692,36.34207670307693,1703743200,맑음
2023-12-28 12:00:00,127.38299470916668,36.32857963916667,1703764800,구름조금
2023-12-28 18:00:00,127.39548253894736,36.33298086842105,1703786400,구름조금
2023-12-29 00:00:00,127.36318717428571,36.34200618714286,1703808000,구름조금
2023-12-29 06:00:00,127.37831881066668,36.339923006666666,1703829600,약간의 구름이 낀 하늘
2023-12-29 12:00:00,127.39097892285714,36.35251090857143,1703851200,온흐림
2023-12-29 18:00:00,127.38133465941176,36.34155282294118,1703872800,맑음
2023-12-30 00:00:00,127.40442974214284,36.34229094285714,1703894400,튼구름
2023-12-30 06:00:00,127.38371128222222,36.32722787611111,1703916000,실 비
2023-12-30 12:00:00,127.396324765,36.33472062083333,1703937600,온흐림
2023-12-30 18:00:00,127.38853288928571,36.37159595571429,1703959200,실 비
2023-12-31 00:00:00,127.3717023725,36.344334732,1703980800,실 비
2023-12-31 18:00:00,127.383605071875,36.353727194375,1704045600,약간의 구름이 낀 하늘
2024-01-01 00:00:00,127.3657802225,36.3421085145,1704067200,안개
2024-01-02 00:00:00,127.395928505,36.34985643,1704153600,튼구름
2024-01-02 06:00:00,127.39650704428573,36.336451631428574,1704175200,구름조금
2024-01-02 12:00:00,127.37097836090908,36.33018360636363,1704196800,박무
2024-01-02 18:00:00,127.377870289,36.344119484,1704218400,실 비
2024-01-03 00:00:00,127.40188737142856,36.37658537142857,1704240000,온흐림
2024-01-03 06:00:00,127.39290030933331,36.33874125666667,1704261600,실 비
2024-01-03 12:00:00,127.39398985916668,36.33567775583334,1704283200,약간의 구름이 낀 하늘
2024-01-03 18:00:00,127.38865970666669,36.352710612,1704304800,맑음
2024-01-04 00:00:00,127.39527672272726,36.37476645909091,1704326400,약간의 구름이 낀 하늘
2024-01-04 18:00:00,127.396721405,36.34482724611112,1704391200,구름조금
2024-01-05 00:00:00,127.363016058,36.34013255,1704412800,튼구름
2024-01-05 06:00:00,127.39510882866666,36.394004734666666,1704434400,튼구름
2024-01-05 12:00:00,127.38420673875,36.3408753375,1704456000,구름조금
2024-01-05 18:00:00,127.391751471875,36.35304868125,1704477600,맑음
2024-01-06 00:00:00,127.35534416055556,36.34450463833333,1704499200,맑음
2024-01-06 06:00:00,127.38543715428573,36.34454681071429,1704520800,맑음
2024-01-06 12:00:00,127.39057530285716,36.34387436285714,1704542400,구름조금
2024-01-06 18:00:00,127.39555869857143,36.33144505214285,1704564000,맑음
2024-01-07 00:00:00,127.39545122181818,36.35652413,1704585600,맑음
2024-01-08 06:00:00,127.39306927133332,36.352128496666666,1704693600,맑음
2024-01-08 12:00:00,127.39023703384616,36.33533595230769,1704715200,약간의 구름이 낀 하늘
2024-01-08 18:00:00,127.38808530071428,36.374051945714285,1704736800,온흐림
2024-01-09 00:00:00,127.365505635,36.356733152,1704758400,온흐림
2024-01-09 18:00:00,127.34907640105264,36.33761777578948,1704823200,온흐림
2024-01-10 00:00:00,127.392190391875,36.35386207,1704844800,온흐림
2024-01-10 06:00:00,127.374390711875,36.34322995125,1704866400,튼구름
2024-01-10 12:00:00,127.37527567666666,36.334552945,1704888000,맑음
2024-01-10 18:00:00,127.37590903117646,36.36329134647059,1704909600,튼구름
2024-01-11 00:00:00,127.39349326909092,36.35213937818182,1704931200,튼구름
2024-01-11 06:00:00,127.36562349285714,36.34385240428571,1704952800,온흐림
2024-01-11 12:00:00,127.40608816285716,36.34561336142857,1704974400,튼구름
2024-01-11 18:00:00,127.368817955,36.35846144125,1704996000,구름조금
2024-01-12 00:00:00,127.37936520153843,36.37095107,1705017600,구름조금
2024-01-12 06:00:00,127.3932170457143,36.38708060785714,1705039200,맑음
2024-01-12 12:00:00,127.39225414428572,36.34234492857143,1705060800,맑음
2024-01-12 18:00:00,127.39384433904765,36.341945583809526,1705082400,맑음
2024-01-13 00:00:00,127.37869393266666,36.346925292,1705104000,맑음
2024-01-13 06:00:00,127.38791581588237,36.33745320176471,1705125600,맑음
2024-01-13 12:00:00,127.39139607666668,36.34668417833333,1705147200,맑음
2024-01-13 18:00:00,127.38509259789474,36.34604132578948,1705168800,맑음
2024-01-14 00:00:00,127.39289951333332,36.34261104611111,1705190400,맑음
2024-01-15 00:00:00,127.40121371,36.34203375,1705276800,맑음
2024-01-15 06:00:00,127.39742979307692,36.35100073384616,1705298400,맑음
2024-01-15 12:00:00,127.37105645764709,36.36185470647059,1705320000,맑음
2024-01-15 18:00:00,127.3742828675,36.3494409025,1705341600,맑음
2024-01-16 00:00:00,127.37248138444446,36.343434763333335,1705363200,온흐림
2024-01-17 00:00:00,127.41134698,36.33636131,1705449600,온흐림
2024-01-17 06:00:00,127.36280679866668,36.347330804,1705471200,실 비
2024-01-17 12:00:00,127.370625061,36.343277352,1705492800,실 비
2024-01-18 06:00:00,127.39436088588236,36.33903622176471,1705557600,온흐림
2024-01-18 12:00:00,127.39682891285716,36.33854569857143,1705579200,온흐림
2024-01-18 18:00:00,127.4161417959091,36.34604515318182,1705600800,온흐림
2024-01-19 00:00:00,127.36362724333334,36.340738423333335,1705622400,온흐림
2024-01-19 18:00:00,127.38642397125,36.32601450375,1705687200,온흐림
2024-01-20 00:00:00,127.38909273789474,36.33784186105263,1705708800,실 비
2024-01-20 06:00:00,127.384002208125,36.344119913125,1705730400,보통 비
2024-01-20 12:00:00,127.38577656,36.346315392,1705752000,실 비
2024-01-20 18:00:00,127.38104353875,36.341500169375,1705773600,온흐림
2024-01-25 12:00:00,127.36658064,36.33326068,1706184000,맑음
2024-01-26 06:00:00,118.91129237733334,33.913065298,1706248800,맑음
2024-01-26 12:00:00,127.367576815,36.33277421285714,1706270400,구름조금
2024-01-26 18:00:00,127.37065054,36.32007134,1706292000,약간의 구름이 낀 하늘
2024-01-27 00:00:00,127.37897483,36.301690285,1706313600,맑음
2024-01-27 06:00:00,127.37188346909092,36.32828883909091,1706335200,구름조금
2024-01-27 12:00:00,127.38381546333332,36.34421694083333,1706356800,약간의 구름이 낀 하늘
2024-01-27 18:00:00,127.40083346117648,36.336118832941175,1706378400,구름조금
2024-01-28 00:00:00,127.37915596666666,36.3454292275,1706400000,구름조금
2024-01-28 12:00:00,127.40042202,36.42234221,1706443200,약간의 구름이 낀 하늘
2024-01-28 18:00:00,127.414136294375,36.33856620375,1706464800,맑음
2024-01-29 00:00:00,127.39081361466668,36.34668988,1706486400,구름조금
2024-01-29 06:00:00,127.41339518916668,36.34071504333333,1706508000,맑음
2024-01-29 12:00:00,127.3848220717647,36.347719973529415,1706529600,맑음
2024-01-29 18:00:00,127.40623639882354,36.32936368117648,1706551200,약간의 구름이 낀 하늘
2024-01-30 00:00:00,127.37369801,36.345304844285714,1706572800,튼구름
2024-01-30 06:00:00,127.38922225363636,36.34757281090909,1706594400,맑음
2024-01-30 12:00:00,127.40188216272728,36.340548016363634,1706616000,약간의 구름이 낀 하늘
2024-01-30 18:00:00,127.40312727315788,36.332454864210526,1706637600,온흐림
2024-01-31 00:00:00,127.392253539375,36.3404314125,1706659200,온흐림
2024-01-31 06:00:00,127.37172014923075,36.345534826153845,1706680800,약간의 구름이 낀 하늘
2024-01-31 12:00:00,127.39916113,36.344341501428566,1706702400,약간의 구름이 낀 하늘
2024-01-31 18:00:00,127.38290175999998,36.36068011705883,1706724000,온흐림
2024-02-01 00:00:00,127.39010575833332,36.34111505916667,1706745600,온흐림
2024-02-01 18:00:00,127.39997162428573,36.36346999142857,1706810400,튼구름
2024-02-02 00:00:00,127.3998772252941,36.37728342411765,1706832000,온흐림
2024-02-02 06:00:00,127.38742191833336,36.36361248166667,1706853600,튼구름
2024-02-02 12:00:00,127.3826719511111,36.33206601888889,1706875200,온흐림
2024-02-02 18:00:00,127.40596535076922,36.34991490384616,1706896800,온흐림
2024-02-03 00:00:00,127.39132976875,36.34133100375,1706918400,온흐림
2024-02-03 06:00:00,127.39082771357144,36.352034280000005,1706940000,실 비
2024-02-03 12:00:00,127.37523236533336,36.33420708333333,1706961600,실 비
2024-02-05 00:00:00,127.39158836,36.35127552,1707091200,보통 비
2024-02-05 06:00:00,127.39240723727272,36.33779073363636,1707112800,실 비
2024-02-05 12:00:00,127.38604249846152,36.33468340692308,1707134400,온흐림
2024-02-05 18:00:00,127.378120573,36.348252021,1707156000,실 비
2024-02-06 00:00:00,127.371972038,36.352607162666665,1707177600,온흐림
2024-02-06 06:00:00,127.37008409,36.35175816153846,1707199200,온흐림
2024-02-06 12:00:00,127.3880376275,36.35133097166667,1707220800,튼구름
2024-02-06 18:00:00,127.39622045095236,36.35387723238095,1707242400,튼구름
2024-02-07 00:00:00,127.37789665533334,36.345618820666665,1707264000,튼구름
2024-02-07 06:00:00,127.40673332461536,36.33327651384615,1707285600,튼구름
2024-02-07 12:00:00,127.36915448454546,36.356756998181815,1707307200,튼구름
2024-02-07 18:00:00,127.3969082025,36.355970428125,1707328800,약간의 구름이 낀 하늘
2024-02-08 00:00:00,127.37389594933332,36.354017196,1707350400,맑음
2024-02-08 06:00:00,127.39263022857143,36.332562072142856,1707372000,약간의 구름이 낀 하늘
2024-02-08 12:00:00,127.38116126,36.34754872538461,1707393600,온흐림
2024-02-08 18:00:00,127.41750641272728,36.33626371545454,1707415200,약간의 구름이 낀 하늘
2024-02-09 00:00:00,127.39582816166666,36.34617174444444,1707436800,맑음
2024-02-09 06:00:00,127.39149165153846,36.347374036153845,1707458400,튼구름
2024-02-09 12:00:00,127.38823206875,36.3386999625,1707480000,맑음
2024-02-09 18:00:00,127.4328195,36.33190369,1707501600,맑음
2024-02-10 00:00:00,127.39403415285712,36.33808318928571,1707523200,맑음
2024-02-10 12:00:00,127.41213781,36.44646625,1707566400,맑음
2024-02-10 18:00:00,127.39860335,36.346984876923074,1707588000,튼구름
2024-02-11 00:00:00,127.38535033571428,36.35434403,1707609600,약간의 구름이 낀 하늘
2024-02-11 18:00:00,127.3946771004,36.355642988,1707674400,맑음
2024-02-12 00:00:00,127.38981675238097,36.34443156333333,1707696000,맑음
2024-02-12 06:00:00,127.38962858846152,36.33125424153846,1707717600,맑음
2024-02-12 12:00:00,127.377096325,36.35787765,1707739200,맑음
2024-02-13 00:00:00,127.41703073,36.34348446,1707782400,맑음
2024-02-13 06:00:00,127.37604245733334,36.328142848666666,1707804000,약간의 구름이 낀 하늘
2024-02-13 12:00:00,127.39384839,36.333579911,1707825600,맑음
2024-02-13 18:00:00,127.37825182666668,36.34661492866667,1707847200,온흐림
2024-02-14 00:00:00,127.37523511076922,36.34520292923077,1707868800,튼구름
2024-02-14 06:00:00,127.39034809916666,36.3529800325,1707890400,튼구름
2024-02-14 12:00:00,127.389440106,36.339208519,1707912000,온흐림
2024-02-14 18:00:00,127.381677875,36.351179619090914,1707933600,온흐림
2024-02-15 00:00:00,127.40795728153846,36.341443699230766,1707955200,실 비
2024-02-16 00:00:00,127.38980787,36.33861524,1708041600,튼구름
2024-02-16 06:00:00,127.39029819666666,36.33552144833333,1708063200,맑음
2024-02-16 12:00:00,127.3915754775,36.345379375,1708084800,맑음
2024-02-16 18:00:00,127.37503009736842,36.34759935421052,1708106400,맑음
2024-02-17 00:00:00,127.39417688083334,36.355573220833335,1708128000,맑음
2024-02-17 06:00:00,127.39277382785714,36.33837476357143,1708149600,맑음
2024-02-17 12:00:00,127.39084502363636,36.33708784545455,1708171200,맑음
2024-02-17 18:00:00,127.410171007,36.33727673,1708192800,맑음
2024-02-18 00:00:00,127.391561186,36.346291168,1708214400,튼구름
2024-02-18 18:00:00,127.3762886225,36.374972628125,1708279200,보통 비
2024-02-19 00:00:00,127.37401460133331,36.350002432,1708300800,실 비
2024-02-19 06:00:00,127.408308988125,36.34081265375,1708322400,실 비
2024-02-19 12:00:00,127.37159360375,36.338714179375,1708344000,온흐림
2024-02-19 18:00:00,127.373904791875,36.370311429375,1708365600,온흐림
2024-02-20 00:00:00,127.3627616890909,36.337220053636365,1708387200,실 비
2024-02-20 06:00:00,127.400654455,36.342624094166666,1708408800,실 비
2024-02-20 12:00:00,127.38248525384614,36.346237563076926,1708430400,실 비
2024-02-20 18:00:00,127.39539091894736,36.35619082473684,1708452000,실 비
2024-02-21 00:00:00,127.35343747727272,36.350023165454544,1708473600,보통 비
2024-02-22 00:00:00,127.40083294,36.34944267,1708560000,실 비
2024-02-22 06:00:00,127.40418269333333,36.335541188,1708581600,온흐림
2024-02-22 12:00:00,127.37154509818184,36.35698510363636,1708603200,온흐림
2024-02-22 18:00:00,127.38905856928572,36.354182217142856,1708624800,온흐림
2024-02-23 00:00:00,127.41237544142857,36.36186383571429,1708646400,온흐림
2024-02-23 06:00:00,127.40075024214286,36.377169345,1708668000,온흐림
2024-02-23 12:00:00,127.40069578692308,36.35798878615385,1708689600,튼구름
2024-02-23 18:00:00,127.385051093,36.336685756,1708711200,온흐림
2024-02-24 00:00:00,127.3752747568421,36.34809570052632,1708732800,온흐림
2024-02-24 06:00:00,127.388028524,36.347246794,1708754400,온흐림
2024-02-24 12:00:00,127.392110975,36.331232838333335,1708776000,실 비
2024-02-24 18:00:00,127.39141412789472,36.344669908421054,1708797600,가벼운 눈
2024-02-25 00:00:00,127.37835374125,36.35050619,1708819200,실 비
2024-02-25 12:00:00,127.40539964,36.43901944,1708862400,튼구름
2024-02-25 18:00:00,127.38925503375,36.351758514375,1708884000,구름조금
2024-02-26 00:00:00,127.37221963076922,36.34254190384616,1708905600,온흐림
2024-02-26 06:00:00,127.371381883,36.320746975,1708927200,온흐림
2024-02-26 12:00:00,127.382894744375,36.344574726875,1708948800,온흐림
2024-02-26 18:00:00,127.409723311875,36.333381205,1708970400,온흐림
2024-02-27 00:00:00,127.38168335384616,36.34712935923077,1708992000,온흐림
2024-02-27 06:00:00,127.38000893166668,36.33871531916667,1709013600,온흐림
2024-02-27 12:00:00,127.3926009477778,36.33998851111111,1709035200,구름조금
2024-02-28 18:00:00,127.38021929777778,36.33489964666667,1709143200,온흐림
2024-02-29 00:00:00,127.412551435,36.33988847083334,1709164800,온흐림
2024-02-29 06:00:00,127.39050533444444,36.33961539333333,1709186400,실 비
2024-02-29 12:00:00,127.3984940088889,36.34576844944444,1709208000,구름조금
2024-02-29 18:00:00,127.38804607857143,36.34312230904762,1709229600,맑음
2024-03-01 00:00:00,127.384550734375,36.348607613125,1709251200,맑음
2024-03-02 06:00:00,127.40318007666669,36.35118942,1709359200,튼구름
2024-03-02 12:00:00,127.38657066,36.35828334333333,1709380800,구름조금
2024-03-02 18:00:00,127.397278503125,36.339252825625,1709402400,튼구름
2024-03-03 00:00:00,127.36099018375,36.358486595,1709424000,약간의 구름이 낀 하늘
2024-03-03 12:00:00,127.4008855,36.42656608,1709467200,구름조금
2024-03-03 18:00:00,127.38964487277778,36.34091121888889,1709488800,온흐림
2024-03-04 00:00:00,127.39618808928572,36.34304445714286,1709510400,온흐림
2024-03-04 06:00:00,127.394358955,36.34466034214286,1709532000,온흐림
2024-03-04 12:00:00,127.38793553666667,36.33810974,1709553600,온흐림
2024-03-05 00:00:00,127.36976536,36.354082703636365,1709596800,실 비
2024-03-05 06:00:00,127.41207618071428,36.33899910857143,1709618400,실 비
2024-03-05 12:00:00,127.388495925,36.340983845,1709640000,온흐림
2024-03-05 18:00:00,127.38413667736842,36.33779958947368,1709661600,구름조금
2024-03-06 00:00:00,127.39112430692307,36.341509824615386,1709683200,맑음
2024-03-06 06:00:00,127.38692665133334,36.336090252,1709704800,온흐림
2024-03-06 12:00:00,127.39465980727272,36.33593029181818,1709726400,튼구름
2024-03-06 18:00:00,127.38898128529412,36.379431268235294,1709748000,구름조금
2024-03-07 00:00:00,127.38971813363636,36.339463214545454,1709769600,온흐림
2024-03-07 06:00:00,127.40231013,36.33837593428572,1709791200,구름조금
2024-03-07 12:00:00,127.40293294928571,36.340235895,1709812800,맑음
2024-03-07 18:00:00,127.38814206619048,36.342549845238096,1709834400,튼구름
2024-03-08 00:00:00,127.40865554555556,36.34641638888889,1709856000,약간의 구름이 낀 하늘
2024-03-08 18:00:00,127.39482827105262,36.34314391631579,1709920800,맑음
2024-03-09 00:00:00,127.40837825111112,36.36111786888889,1709942400,맑음
2024-03-09 06:00:00,127.37909585733334,36.337602518,1709964000,맑음
2024-03-09 12:00:00,127.37397002083333,36.34530405833333,1709985600,맑음
2024-03-11 00:00:00,127.422126835,36.35066429,1710115200,온흐림
2024-03-11 06:00:00,127.38274901,36.35241473636364,1710136800,실 비
2024-03-11 12:00:00,127.38081121,36.340394605,1710158400,약간의 구름이 낀 하늘
2024-03-11 18:00:00,127.41069870916664,36.3276111225,1710180000,구름조금
2024-03-12 00:00:00,127.38393592153844,36.34181659076923,1710201600,튼구름
2024-03-12 06:00:00,127.39787178875,36.342521391875,1710223200,실 비
2024-03-12 12:00:00,127.40196679181818,36.364232459090914,1710244800,구름조금
2024-03-12 18:00:00,127.3841178781818,36.35988602590909,1710266400,맑음
2024-03-13 00:00:00,127.34314383888888,36.340931508888886,1710288000,튼구름
2024-03-13 06:00:00,127.403977694,36.345456548,1710309600,약간의 구름이 낀 하늘
2024-03-13 12:00:00,127.37052840888887,36.33380997888889,1710331200,맑음
2024-03-13 18:00:00,127.40234783571428,36.35134940238096,1710352800,맑음
2024-03-14 00:00:00,127.36238392076925,36.361966464615385,1710374400,튼구름
2024-03-14 06:00:00,127.41348019,36.399497382,1710396000,맑음
2024-03-14 12:00:00,127.385446316,36.351958361,1710417600,맑음
2024-03-15 00:00:00,127.39230828,36.33413619,1710460800,맑음
2024-03-15 06:00:00,127.40831064,36.34829165727273,1710482400,맑음
2024-03-15 12:00:00,127.3978645225,36.343663165,1710504000,맑음
2024-03-15 18:00:00,127.4057104573684,36.33741766052631,1710525600,맑음
2024-03-16 00:00:00,127.383714571,36.345742413,1710547200,맑음
2024-03-16 18:00:00,127.43285133,36.33190369,1710612000,온흐림
2024-03-17 00:00:00,127.38383589466666,36.349808728,1710633600,온흐림
2024-03-17 12:00:00,127.38251709,36.43651652,1710676800,구름조금
2024-03-17 18:00:00,127.38931086058822,36.34961476352941,1710698400,맑음
2024-03-18 00:00:00,127.372603740625,36.34074076,1710720000,맑음
2024-03-18 06:00:00,127.4048201625,36.338420980625,1710741600,약간의 구름이 낀 하늘
2024-03-18 12:00:00,127.40117785666666,36.34958207066666,1710763200,온흐림
2024-03-18 18:00:00,127.39228826705882,36.35869468,1710784800,온흐림
2024-03-19 00:00:00,127.37754155285714,36.35509113428572,1710806400,실 비
2024-03-19 06:00:00,127.38319677307692,36.34684173461539,1710828000,약간의 구름이 낀 하늘
2024-03-19 12:00:00,127.39430511153849,36.35319510923077,1710849600,실 비
2024-03-19 18:00:00,127.39632131611113,36.34822779055556,1710871200,약간의 구름이 낀 하늘
2024-03-20 00:00:00,127.36676175714284,36.34780846785714,1710892800,약간의 구름이 낀 하늘
2024-03-20 06:00:00,127.39098409692308,36.35818370230769,1710914400,튼구름
2024-03-20 12:00:00,127.39223288375,36.34193561125,1710936000,맑음
2024-03-20 18:00:00,127.3840175235,36.347289826,1710957600,맑음
2024-03-21 00:00:00,127.375148081875,36.35252539125,1710979200,맑음
2024-03-21 06:00:00,127.39482986071428,36.329937432142856,1711000800,구름조금
2024-03-21 12:00:00,127.38046896285714,36.34421637285714,1711022400,온흐림
2024-03-21 18:00:00,127.37653796,36.35577568684211,1711044000,온흐림
2024-03-22 00:00:00,127.38726406153847,36.35071326769231,1711065600,온흐림
2024-03-22 06:00:00,127.40352117133334,36.329451686666665,1711087200,온흐림
2024-03-22 12:00:00,127.37416825181818,36.35195183090909,1711108800,실 비
2024-03-23 00:00:00,127.38925654,36.35220937,1711152000,튼구름
2024-03-23 06:00:00,127.38484665052631,36.34708779421053,1711173600,온흐림
2024-03-23 12:00:00,127.402568915,36.33910213875,1711195200,온흐림
2024-03-23 18:00:00,127.40168470571427,36.32836114285714,1711216800,온흐림
2024-03-24 00:00:00,127.3832689377778,36.34517354,1711238400,약간의 구름이 낀 하늘
2024-03-24 12:00:00,127.42497616,36.44668525,1711281600,튼구름
2024-03-24 18:00:00,127.372785126875,36.348889548125,1711303200,온흐림
2024-03-25 00:00:00,127.37275233181818,36.35556722909091,1711324800,온흐림
2024-03-25 06:00:00,127.38271777142856,36.363299767142856,1711346400,보통 비
2024-03-25 12:00:00,127.401271744,36.349766685,1711368000,실 비
2024-03-25 18:00:00,127.39542156583332,36.34697326333333,1711389600,보통 비
2024-03-26 00:00:00,127.35425758538462,36.35838288153846,1711411200,실 비
2024-03-26 06:00:00,127.39783235428573,36.367014492857145,1711432800,튼구름
2024-03-26 12:00:00,127.40420144214283,36.34518606571429,1711454400,튼구름
2024-03-26 18:00:00,127.38248562882352,36.354097,1711476000,온흐림
2024-03-27 00:00:00,127.35510588538462,36.36382148846154,1711497600,약간의 구름이 낀 하늘
2024-03-27 18:00:00,127.41448899642856,36.34193832071429,1711562400,온흐림
2024-03-28 00:00:00,127.414475136,36.36703662,1711584000,실 비
2024-03-28 06:00:00,127.40936183928572,36.32954084071429,1711605600,보통 비
2024-03-28 12:00:00,127.41143087733332,36.33578988,1711627200,구름조금
2024-03-28 18:00:00,127.43281791,36.33190369,1711648800,튼구름
2024-03-29 00:00:00,127.37073412214284,36.34205280571429,1711670400,약간의 구름이 낀 하늘
2024-03-29 06:00:00,127.37115668571428,36.33333443785715,1711692000,구름조금
2024-03-29 12:00:00,127.37045170666669,36.34182760555555,1711713600,튼구름
2024-03-29 18:00:00,127.36921513,36.344525641875,1711735200,맑음
2024-03-30 00:00:00,127.38393807,36.3351185775,1711756800,맑음
2024-03-30 06:00:00,127.38846399076922,36.35152849076923,1711778400,튼구름
2024-03-30 12:00:00,127.365736138,36.34565341666666,1711800000,튼구름
2024-03-30 18:00:00,127.39690450555555,36.33934898111111,1711821600,맑음
2024-03-31 00:00:00,127.35430389166667,36.35072053666666,1711843200,온흐림
